ODB Name,Step,Frame,Part Instance Name,Node Label,X,Y,Z,Section Name,Material Name,Section Point,UT-Magnitude,UT-UT1,UT-UT2
/prb1_bonus/Job-1.odb,charge,Increment      1: Step Time =   2.2200E-16,"BEAM-1",1,0.,0.,0.,NA,NA,"",0.,-2.00000001E-30,-20.0000005E-33
/prb1_bonus/Job-1.odb,charge,Increment      1: Step Time =   2.2200E-16,"BEAM-1",2,10.,0.,0.,NA,NA,"",1.75354409E-03,-499.997754E-06,-1.68074958E-03
/prb1_bonus/Job-1.odb,charge,Increment      1: Step Time =   2.2200E-16,"BEAM-1",3,20.,0.,0.,NA,NA,"",999.995507E-06,-999.995507E-06,-20.0000005E-33
/prb1_bonus/Job-1.odb,charge,Increment      1: Step Time =   2.2200E-16,"BEAM-1",4,0.,10.,0.,NA,NA,"",0.,-2.00000001E-30,-20.0000005E-33
/prb1_bonus/Job-1.odb,charge,Increment      1: Step Time =   2.2200E-16,"BEAM-1",5,1.,10.,0.,NA,NA,"",50.0944479E-06,-49.9997732E-06,-3.07839036E-06
/prb1_bonus/Job-1.odb,charge,Increment      1: Step Time =   2.2200E-16,"BEAM-1",6,2.,10.,0.,NA,NA,"",99.9995464E-06,-99.9995464E-06,-20.0000005E-33
/prb1_bonus/Job-1.odb,charge,Increment      1: Step Time =   2.2200E-16,"BEAM-1",7,0.,-10.,0.,NA,NA,"",0.,-2.00000001E-30,-20.0000005E-33
/prb1_bonus/Job-1.odb,charge,Increment      1: Step Time =   2.2200E-16,"BEAM-1",8,100.,-10.,0.,NA,NA,"",1.66678071,-4.99997754E-03,-1.66677320
/prb1_bonus/Job-1.odb,charge,Increment      1: Step Time =   2.2200E-16,"BEAM-1",9,200.,-10.,0.,NA,NA,"",9.99995507E-03,-9.99995507E-03,-20.0000005E-33
/prb1_bonus/Job-1.odb,charge,Increment      1: Step Time =   2.2200E-16,"BEAM-1",10,100.000001E-03,0.,0.,NA,NA,"",25.6322746E-06,-4.99997759E-06,-25.1398833E-06
/prb1_bonus/Job-1.odb,charge,Increment      1: Step Time =   2.2200E-16,"BEAM-1",11,200.000003E-03,0.,0.,NA,NA,"",51.2596489E-06,-9.99995518E-06,-50.2747680E-06
/prb1_bonus/Job-1.odb,charge,Increment      1: Step Time =   2.2200E-16,"BEAM-1",12,300.000012E-03,0.,0.,NA,NA,"",76.8772152E-06,-14.9999323E-06,-75.3996574E-06
/prb1_bonus/Job-1.odb,charge,Increment      1: Step Time =   2.2200E-16,"BEAM-1",13,400.000006E-03,0.,0.,NA,NA,"",102.480066E-06,-19.9999104E-06,-100.509540E-06
/prb1_bonus/Job-1.odb,charge,Increment      1: Step Time =   2.2200E-16,"BEAM-1",14,500.E-03,0.,0.,NA,NA,"",128.063301E-06,-24.9998866E-06,-125.599414E-06
/prb1_bonus/Job-1.odb,charge,Increment      1: Step Time =   2.2200E-16,"BEAM-1",15,600.000024E-03,0.,0.,NA,NA,"",153.622022E-06,-29.9998646E-06,-150.664317E-06
/prb1_bonus/Job-1.odb,charge,Increment      1: Step Time =   2.2200E-16,"BEAM-1",16,699.999988E-03,0.,0.,NA,NA,"",179.151320E-06,-34.9998409E-06,-175.699184E-06
/prb1_bonus/Job-1.odb,charge,Increment      1: Step Time =   2.2200E-16,"BEAM-1",17,800.000012E-03,0.,0.,NA,NA,"",204.646291E-06,-39.9998207E-06,-200.699084E-06
/prb1_bonus/Job-1.odb,charge,Increment      1: Step Time =   2.2200E-16,"BEAM-1",18,899.999976E-03,0.,0.,NA,NA,"",230.102029E-06,-44.9997933E-06,-225.658951E-06
/prb1_bonus/Job-1.odb,charge,Increment      1: Step Time =   2.2200E-16,"BEAM-1",19,1.,0.,0.,NA,NA,"",255.513674E-06,-49.9997732E-06,-250.573852E-06
/prb1_bonus/Job-1.odb,charge,Increment      1: Step Time =   2.2200E-16,"BEAM-1",20,1.10000002,0.,0.,NA,NA,"",280.876237E-06,-54.9997530E-06,-275.438739E-06
/prb1_bonus/Job-1.odb,charge,Increment      1: Step Time =   2.2200E-16,"BEAM-1",21,1.20000005,0.,0.,NA,NA,"",306.184927E-06,-59.9997293E-06,-300.248648E-06
/prb1_bonus/Job-1.odb,charge,Increment      1: Step Time =   2.2200E-16,"BEAM-1",22,1.29999995,0.,0.,NA,NA,"",331.434712E-06,-64.9997019E-06,-324.998487E-06
/prb1_bonus/Job-1.odb,charge,Increment      1: Step Time =   2.2200E-16,"BEAM-1",23,1.39999998,0.,0.,NA,NA,"",356.620847E-06,-69.9996817E-06,-349.683396E-06
/prb1_bonus/Job-1.odb,charge,Increment      1: Step Time =   2.2200E-16,"BEAM-1",24,1.5,0.,0.,NA,NA,"",381.738326E-06,-74.9996616E-06,-374.298281E-06
/prb1_bonus/Job-1.odb,charge,Increment      1: Step Time =   2.2200E-16,"BEAM-1",25,1.60000002,0.,0.,NA,NA,"",406.782317E-06,-79.9996415E-06,-398.838194E-06
/prb1_bonus/Job-1.odb,charge,Increment      1: Step Time =   2.2200E-16,"BEAM-1",26,1.70000005,0.,0.,NA,NA,"",431.747874E-06,-84.9996140E-06,-423.298101E-06
/prb1_bonus/Job-1.odb,charge,Increment      1: Step Time =   2.2200E-16,"BEAM-1",27,1.79999995,0.,0.,NA,NA,"",456.630049E-06,-89.9995866E-06,-447.672966E-06
/prb1_bonus/Job-1.odb,charge,Increment      1: Step Time =   2.2200E-16,"BEAM-1",28,1.89999998,0.,0.,NA,NA,"",481.424097E-06,-94.9995665E-06,-471.957872E-06
/prb1_bonus/Job-1.odb,charge,Increment      1: Step Time =   2.2200E-16,"BEAM-1",29,2.,0.,0.,NA,NA,"",506.125041E-06,-99.9995464E-06,-496.147783E-06
/prb1_bonus/Job-1.odb,charge,Increment      1: Step Time =   2.2200E-16,"BEAM-1",30,2.09999990,0.,0.,NA,NA,"",530.727906E-06,-104.999519E-06,-520.237663E-06
/prb1_bonus/Job-1.odb,charge,Increment      1: Step Time =   2.2200E-16,"BEAM-1",31,2.20000005,0.,0.,NA,NA,"",555.227976E-06,-109.999506E-06,-544.222596E-06
/prb1_bonus/Job-1.odb,charge,Increment      1: Step Time =   2.2200E-16,"BEAM-1",32,2.29999995,0.,0.,NA,NA,"",579.620246E-06,-114.999479E-06,-568.097457E-06
/prb1_bonus/Job-1.odb,charge,Increment      1: Step Time =   2.2200E-16,"BEAM-1",33,2.40000010,0.,0.,NA,NA,"",603.899825E-06,-119.999459E-06,-591.857359E-06
/prb1_bonus/Job-1.odb,charge,Increment      1: Step Time =   2.2200E-16,"BEAM-1",34,2.5,0.,0.,NA,NA,"",628.061884E-06,-124.999438E-06,-615.497236E-06
/prb1_bonus/Job-1.odb,charge,Increment      1: Step Time =   2.2200E-16,"BEAM-1",35,2.59999990,0.,0.,NA,NA,"",652.101473E-06,-129.999404E-06,-639.012142E-06
/prb1_bonus/Job-1.odb,charge,Increment      1: Step Time =   2.2200E-16,"BEAM-1",36,2.70000005,0.,0.,NA,NA,"",676.013820E-06,-134.999384E-06,-662.397069E-06
/prb1_bonus/Job-1.odb,charge,Increment      1: Step Time =   2.2200E-16,"BEAM-1",37,2.79999995,0.,0.,NA,NA,"",699.793920E-06,-139.999363E-06,-685.646955E-06
/prb1_bonus/Job-1.odb,charge,Increment      1: Step Time =   2.2200E-16,"BEAM-1",38,2.90000010,0.,0.,NA,NA,"",723.437057E-06,-144.999343E-06,-708.756910E-06
/prb1_bonus/Job-1.odb,charge,Increment      1: Step Time =   2.2200E-16,"BEAM-1",39,3.,0.,0.,NA,NA,"",746.938167E-06,-149.999323E-06,-731.721811E-06
/prb1_bonus/Job-1.odb,charge,Increment      1: Step Time =   2.2200E-16,"BEAM-1",40,3.09999990,0.,0.,NA,NA,"",770.292419E-06,-154.999288E-06,-754.536712E-06
/prb1_bonus/Job-1.odb,charge,Increment      1: Step Time =   2.2200E-16,"BEAM-1",41,3.20000005,0.,0.,NA,NA,"",793.495099E-06,-159.999283E-06,-777.196663E-06
/prb1_bonus/Job-1.odb,charge,Increment      1: Step Time =   2.2200E-16,"BEAM-1",42,3.29999995,0.,0.,NA,NA,"",816.541084E-06,-164.999248E-06,-799.696543E-06
/prb1_bonus/Job-1.odb,charge,Increment      1: Step Time =   2.2200E-16,"BEAM-1",43,3.40000010,0.,0.,NA,NA,"",839.425717E-06,-169.999228E-06,-822.031521E-06
/prb1_bonus/Job-1.odb,charge,Increment      1: Step Time =   2.2200E-16,"BEAM-1",44,3.5,0.,0.,NA,NA,"",862.144050E-06,-174.999208E-06,-844.196416E-06
/prb1_bonus/Job-1.odb,charge,Increment      1: Step Time =   2.2200E-16,"BEAM-1",45,3.59999990,0.,0.,NA,NA,"",884.691137E-06,-179.999173E-06,-866.186281E-06
/prb1_bonus/Job-1.odb,charge,Increment      1: Step Time =   2.2200E-16,"BEAM-1",46,3.70000005,0.,0.,NA,NA,"",907.062320E-06,-184.999168E-06,-887.996284E-06
/prb1_bonus/Job-1.odb,charge,Increment      1: Step Time =   2.2200E-16,"BEAM-1",47,3.79999995,0.,0.,NA,NA,"",929.252594E-06,-189.999133E-06,-909.621187E-06
/prb1_bonus/Job-1.odb,charge,Increment      1: Step Time =   2.2200E-16,"BEAM-1",48,3.90000010,0.,0.,NA,NA,"",951.257185E-06,-194.999127E-06,-931.056158E-06
/prb1_bonus/Job-1.odb,charge,Increment      1: Step Time =   2.2200E-16,"BEAM-1",49,4.,0.,0.,NA,NA,"",973.071146E-06,-199.999093E-06,-952.296075E-06
/prb1_bonus/Job-1.odb,charge,Increment      1: Step Time =   2.2200E-16,"BEAM-1",50,4.09999990,0.,0.,NA,NA,"",994.689646E-06,-204.999058E-06,-973.335991E-06
/prb1_bonus/Job-1.odb,charge,Increment      1: Step Time =   2.2200E-16,"BEAM-1",51,4.19999981,0.,0.,NA,NA,"",1.01610797E-03,-209.999038E-06,-994.170900E-06
/prb1_bonus/Job-1.odb,charge,Increment      1: Step Time =   2.2200E-16,"BEAM-1",52,4.30000019,0.,0.,NA,NA,"",1.03732129E-03,-214.999032E-06,-1.01479597E-03
/prb1_bonus/Job-1.odb,charge,Increment      1: Step Time =   2.2200E-16,"BEAM-1",53,4.40000010,0.,0.,NA,NA,"",1.05832447E-03,-219.999012E-06,-1.03520590E-03
/prb1_bonus/Job-1.odb,charge,Increment      1: Step Time =   2.2200E-16,"BEAM-1",54,4.5,0.,0.,NA,NA,"",1.07911299E-03,-224.998978E-06,-1.05539581E-03
/prb1_bonus/Job-1.odb,charge,Increment      1: Step Time =   2.2200E-16,"BEAM-1",55,4.59999990,0.,0.,NA,NA,"",1.09968183E-03,-229.998957E-06,-1.07536069E-03
/prb1_bonus/Job-1.odb,charge,Increment      1: Step Time =   2.2200E-16,"BEAM-1",56,4.69999981,0.,0.,NA,NA,"",1.12002634E-03,-234.998923E-06,-1.09509565E-03
/prb1_bonus/Job-1.odb,charge,Increment      1: Step Time =   2.2200E-16,"BEAM-1",57,4.80000019,0.,0.,NA,NA,"",1.14014163E-03,-239.998917E-06,-1.11459568E-03
/prb1_bonus/Job-1.odb,charge,Increment      1: Step Time =   2.2200E-16,"BEAM-1",58,4.90000010,0.,0.,NA,NA,"",1.16002292E-03,-244.998897E-06,-1.13385567E-03
/prb1_bonus/Job-1.odb,charge,Increment      1: Step Time =   2.2200E-16,"BEAM-1",59,5.,0.,0.,NA,NA,"",1.17966521E-03,-249.998877E-06,-1.15287059E-03
/prb1_bonus/Job-1.odb,charge,Increment      1: Step Time =   2.2200E-16,"BEAM-1",60,5.09999990,0.,0.,NA,NA,"",1.19906396E-03,-254.998828E-06,-1.17163558E-03
/prb1_bonus/Job-1.odb,charge,Increment      1: Step Time =   2.2200E-16,"BEAM-1",61,5.19999981,0.,0.,NA,NA,"",1.21821417E-03,-259.998807E-06,-1.19014550E-03
/prb1_bonus/Job-1.odb,charge,Increment      1: Step Time =   2.2200E-16,"BEAM-1",62,5.30000019,0.,0.,NA,NA,"",1.23711128E-03,-264.998816E-06,-1.20839558E-03
/prb1_bonus/Job-1.odb,charge,Increment      1: Step Time =   2.2200E-16,"BEAM-1",63,5.40000010,0.,0.,NA,NA,"",1.25575019E-03,-269.998767E-06,-1.22638047E-03
/prb1_bonus/Job-1.odb,charge,Increment      1: Step Time =   2.2200E-16,"BEAM-1",64,5.5,0.,0.,NA,NA,"",1.27412635E-03,-274.998747E-06,-1.24409550E-03
/prb1_bonus/Job-1.odb,charge,Increment      1: Step Time =   2.2200E-16,"BEAM-1",65,5.59999990,0.,0.,NA,NA,"",1.29223487E-03,-279.998727E-06,-1.26153545E-03
/prb1_bonus/Job-1.odb,charge,Increment      1: Step Time =   2.2200E-16,"BEAM-1",66,5.69999981,0.,0.,NA,NA,"",1.31007109E-03,-284.998707E-06,-1.27869542E-03
/prb1_bonus/Job-1.odb,charge,Increment      1: Step Time =   2.2200E-16,"BEAM-1",67,5.80000019,0.,0.,NA,NA,"",1.32763025E-03,-289.998687E-06,-1.29557052E-03
/prb1_bonus/Job-1.odb,charge,Increment      1: Step Time =   2.2200E-16,"BEAM-1",68,5.90000010,0.,0.,NA,NA,"",1.34490745E-03,-294.998667E-06,-1.31215539E-03
/prb1_bonus/Job-1.odb,charge,Increment      1: Step Time =   2.2200E-16,"BEAM-1",69,6.,0.,0.,NA,NA,"",1.36189803E-03,-299.998646E-06,-1.32844539E-03
/prb1_bonus/Job-1.odb,charge,Increment      1: Step Time =   2.2200E-16,"BEAM-1",70,6.09999990,0.,0.,NA,NA,"",1.37859734E-03,-304.998597E-06,-1.34443538E-03
/prb1_bonus/Job-1.odb,charge,Increment      1: Step Time =   2.2200E-16,"BEAM-1",71,6.19999981,0.,0.,NA,NA,"",1.39500049E-03,-309.998577E-06,-1.36012037E-03
/prb1_bonus/Job-1.odb,charge,Increment      1: Step Time =   2.2200E-16,"BEAM-1",72,6.30000019,0.,0.,NA,NA,"",1.41110306E-03,-314.998586E-06,-1.37549546E-03
/prb1_bonus/Job-1.odb,charge,Increment      1: Step Time =   2.2200E-16,"BEAM-1",73,6.40000010,0.,0.,NA,NA,"",1.42690004E-03,-319.998566E-06,-1.39055552E-03
/prb1_bonus/Job-1.odb,charge,Increment      1: Step Time =   2.2200E-16,"BEAM-1",74,6.5,0.,0.,NA,NA,"",1.44238677E-03,-324.998517E-06,-1.40529557E-03
/prb1_bonus/Job-1.odb,charge,Increment      1: Step Time =   2.2200E-16,"BEAM-1",75,6.59999990,0.,0.,NA,NA,"",1.45755860E-03,-329.998496E-06,-1.41971058E-03
/prb1_bonus/Job-1.odb,charge,Increment      1: Step Time =   2.2200E-16,"BEAM-1",76,6.69999981,0.,0.,NA,NA,"",1.47241086E-03,-334.998476E-06,-1.43379555E-03
/prb1_bonus/Job-1.odb,charge,Increment      1: Step Time =   2.2200E-16,"BEAM-1",77,6.80000019,0.,0.,NA,NA,"",1.48693891E-03,-339.998456E-06,-1.44754560E-03
/prb1_bonus/Job-1.odb,charge,Increment      1: Step Time =   2.2200E-16,"BEAM-1",78,6.90000010,0.,0.,NA,NA,"",1.50113809E-03,-344.998436E-06,-1.46095571E-03
/prb1_bonus/Job-1.odb,charge,Increment      1: Step Time =   2.2200E-16,"BEAM-1",79,7.,0.,0.,NA,NA,"",1.51500362E-03,-349.998416E-06,-1.47402065E-03
/prb1_bonus/Job-1.odb,charge,Increment      1: Step Time =   2.2200E-16,"BEAM-1",80,7.09999990,0.,0.,NA,NA,"",1.52853096E-03,-354.998396E-06,-1.48673577E-03
/prb1_bonus/Job-1.odb,charge,Increment      1: Step Time =   2.2200E-16,"BEAM-1",81,7.19999981,0.,0.,NA,NA,"",1.54171558E-03,-359.998347E-06,-1.49909582E-03
/prb1_bonus/Job-1.odb,charge,Increment      1: Step Time =   2.2200E-16,"BEAM-1",82,7.30000019,0.,0.,NA,NA,"",1.55455281E-03,-364.998356E-06,-1.51109591E-03
/prb1_bonus/Job-1.odb,charge,Increment      1: Step Time =   2.2200E-16,"BEAM-1",83,7.40000010,0.,0.,NA,NA,"",1.56703801E-03,-369.998335E-06,-1.52273092E-03
/prb1_bonus/Job-1.odb,charge,Increment      1: Step Time =   2.2200E-16,"BEAM-1",84,7.5,0.,0.,NA,NA,"",1.57916662E-03,-374.998286E-06,-1.53399596E-03
/prb1_bonus/Job-1.odb,charge,Increment      1: Step Time =   2.2200E-16,"BEAM-1",85,7.59999990,0.,0.,NA,NA,"",1.59093412E-03,-379.998266E-06,-1.54488604E-03
/prb1_bonus/Job-1.odb,charge,Increment      1: Step Time =   2.2200E-16,"BEAM-1",86,7.69999981,0.,0.,NA,NA,"",1.60233607E-03,-384.998246E-06,-1.55539613E-03
/prb1_bonus/Job-1.odb,charge,Increment      1: Step Time =   2.2200E-16,"BEAM-1",87,7.80000019,0.,0.,NA,NA,"",1.61336770E-03,-389.998226E-06,-1.56552123E-03
/prb1_bonus/Job-1.odb,charge,Increment      1: Step Time =   2.2200E-16,"BEAM-1",88,7.90000010,0.,0.,NA,NA,"",1.62402471E-03,-394.998206E-06,-1.57525635E-03
/prb1_bonus/Job-1.odb,charge,Increment      1: Step Time =   2.2200E-16,"BEAM-1",89,8.,0.,0.,NA,NA,"",1.63430243E-03,-399.998185E-06,-1.58459647E-03
/prb1_bonus/Job-1.odb,charge,Increment      1: Step Time =   2.2200E-16,"BEAM-1",90,8.10000038,0.,0.,NA,NA,"",1.64419657E-03,-404.998194E-06,-1.59353658E-03
/prb1_bonus/Job-1.odb,charge,Increment      1: Step Time =   2.2200E-16,"BEAM-1",91,8.19999981,0.,0.,NA,NA,"",1.65370246E-03,-409.998116E-06,-1.60207157E-03
/prb1_bonus/Job-1.odb,charge,Increment      1: Step Time =   2.2200E-16,"BEAM-1",92,8.30000019,0.,0.,NA,NA,"",1.66281604E-03,-414.998125E-06,-1.61019678E-03
/prb1_bonus/Job-1.odb,charge,Increment      1: Step Time =   2.2200E-16,"BEAM-1",93,8.39999962,0.,0.,NA,NA,"",1.67153252E-03,-419.998076E-06,-1.61790685E-03
/prb1_bonus/Job-1.odb,charge,Increment      1: Step Time =   2.2200E-16,"BEAM-1",94,8.5,0.,0.,NA,NA,"",1.67984783E-03,-424.998085E-06,-1.62519701E-03
/prb1_bonus/Job-1.odb,charge,Increment      1: Step Time =   2.2200E-16,"BEAM-1",95,8.60000038,0.,0.,NA,NA,"",1.68775744E-03,-429.998065E-06,-1.63206214E-03
/prb1_bonus/Job-1.odb,charge,Increment      1: Step Time =   2.2200E-16,"BEAM-1",96,8.69999981,0.,0.,NA,NA,"",1.69525703E-03,-434.998015E-06,-1.63849723E-03
/prb1_bonus/Job-1.odb,charge,Increment      1: Step Time =   2.2200E-16,"BEAM-1",97,8.80000019,0.,0.,NA,NA,"",1.70234242E-03,-439.998024E-06,-1.64449739E-03
/prb1_bonus/Job-1.odb,charge,Increment      1: Step Time =   2.2200E-16,"BEAM-1",98,8.89999962,0.,0.,NA,NA,"",1.70900929E-03,-444.997975E-06,-1.65005750E-03
/prb1_bonus/Job-1.odb,charge,Increment      1: Step Time =   2.2200E-16,"BEAM-1",99,9.,0.,0.,NA,NA,"",1.71525357E-03,-449.997955E-06,-1.65517267E-03
/prb1_bonus/Job-1.odb,charge,Increment      1: Step Time =   2.2200E-16,"BEAM-1",100,9.10000038,0.,0.,NA,NA,"",1.72107085E-03,-454.997964E-06,-1.65983790E-03
/prb1_bonus/Job-1.odb,charge,Increment      1: Step Time =   2.2200E-16,"BEAM-1",101,9.19999981,0.,0.,NA,NA,"",1.72645703E-03,-459.997915E-06,-1.66404806E-03
/prb1_bonus/Job-1.odb,charge,Increment      1: Step Time =   2.2200E-16,"BEAM-1",102,9.30000019,0.,0.,NA,NA,"",1.73140795E-03,-464.997895E-06,-1.66779815E-03
/prb1_bonus/Job-1.odb,charge,Increment      1: Step Time =   2.2200E-16,"BEAM-1",103,9.39999962,0.,0.,NA,NA,"",1.73591985E-03,-469.997845E-06,-1.67108339E-03
/prb1_bonus/Job-1.odb,charge,Increment      1: Step Time =   2.2200E-16,"BEAM-1",104,9.5,0.,0.,NA,NA,"",1.73998822E-03,-474.997854E-06,-1.67389854E-03
/prb1_bonus/Job-1.odb,charge,Increment      1: Step Time =   2.2200E-16,"BEAM-1",105,9.60000038,0.,0.,NA,NA,"",1.74360955E-03,-479.997834E-06,-1.67623872E-03
/prb1_bonus/Job-1.odb,charge,Increment      1: Step Time =   2.2200E-16,"BEAM-1",106,9.69999981,0.,0.,NA,NA,"",1.74677954E-03,-484.997785E-06,-1.67809892E-03
/prb1_bonus/Job-1.odb,charge,Increment      1: Step Time =   2.2200E-16,"BEAM-1",107,9.80000019,0.,0.,NA,NA,"",1.74949458E-03,-489.997794E-06,-1.67947414E-03
/prb1_bonus/Job-1.odb,charge,Increment      1: Step Time =   2.2200E-16,"BEAM-1",108,9.89999962,0.,0.,NA,NA,"",1.75175059E-03,-494.997716E-06,-1.68035936E-03
/prb1_bonus/Job-1.odb,charge,Increment      1: Step Time =   2.2200E-16,"BEAM-1",109,10.1000004,0.,0.,NA,NA,"",1.75460253E-03,-504.997734E-06,-1.68035936E-03
/prb1_bonus/Job-1.odb,charge,Increment      1: Step Time =   2.2200E-16,"BEAM-1",110,10.1999998,0.,0.,NA,NA,"",1.75520114E-03,-509.997655E-06,-1.67947414E-03
/prb1_bonus/Job-1.odb,charge,Increment      1: Step Time =   2.2200E-16,"BEAM-1",111,10.3000002,0.,0.,NA,NA,"",1.75534573E-03,-514.997693E-06,-1.67809892E-03
/prb1_bonus/Job-1.odb,charge,Increment      1: Step Time =   2.2200E-16,"BEAM-1",112,10.3999996,0.,0.,NA,NA,"",1.75504247E-03,-519.997615E-06,-1.67623872E-03
/prb1_bonus/Job-1.odb,charge,Increment      1: Step Time =   2.2200E-16,"BEAM-1",113,10.5,0.,0.,NA,NA,"",1.75429718E-03,-524.997595E-06,-1.67389854E-03
/prb1_bonus/Job-1.odb,charge,Increment      1: Step Time =   2.2200E-16,"BEAM-1",114,10.6000004,0.,0.,NA,NA,"",1.75311638E-03,-529.997633E-06,-1.67108339E-03
/prb1_bonus/Job-1.odb,charge,Increment      1: Step Time =   2.2200E-16,"BEAM-1",115,10.6999998,0.,0.,NA,NA,"",1.75150589E-03,-534.997554E-06,-1.66779815E-03
/prb1_bonus/Job-1.odb,charge,Increment      1: Step Time =   2.2200E-16,"BEAM-1",116,10.8000002,0.,0.,NA,NA,"",1.74947234E-03,-539.997534E-06,-1.66404806E-03
/prb1_bonus/Job-1.odb,charge,Increment      1: Step Time =   2.2200E-16,"BEAM-1",117,10.8999996,0.,0.,NA,NA,"",1.74702145E-03,-544.997514E-06,-1.65983790E-03
/prb1_bonus/Job-1.odb,charge,Increment      1: Step Time =   2.2200E-16,"BEAM-1",118,11.,0.,0.,NA,NA,"",1.74415996E-03,-549.997494E-06,-1.65517267E-03
/prb1_bonus/Job-1.odb,charge,Increment      1: Step Time =   2.2200E-16,"BEAM-1",119,11.1000004,0.,0.,NA,NA,"",1.74089405E-03,-554.997474E-06,-1.65005750E-03
/prb1_bonus/Job-1.odb,charge,Increment      1: Step Time =   2.2200E-16,"BEAM-1",120,11.1999998,0.,0.,NA,NA,"",1.73723022E-03,-559.997454E-06,-1.64449739E-03
/prb1_bonus/Job-1.odb,charge,Increment      1: Step Time =   2.2200E-16,"BEAM-1",121,11.3000002,0.,0.,NA,NA,"",1.73317490E-03,-564.997434E-06,-1.63849723E-03
/prb1_bonus/Job-1.odb,charge,Increment      1: Step Time =   2.2200E-16,"BEAM-1",122,11.3999996,0.,0.,NA,NA,"",1.72873482E-03,-569.997414E-06,-1.63206214E-03
/prb1_bonus/Job-1.odb,charge,Increment      1: Step Time =   2.2200E-16,"BEAM-1",123,11.5,0.,0.,NA,NA,"",1.72391627E-03,-574.997393E-06,-1.62519701E-03
/prb1_bonus/Job-1.odb,charge,Increment      1: Step Time =   2.2200E-16,"BEAM-1",124,11.6000004,0.,0.,NA,NA,"",1.71872613E-03,-579.997373E-06,-1.61790685E-03
/prb1_bonus/Job-1.odb,charge,Increment      1: Step Time =   2.2200E-16,"BEAM-1",125,11.6999998,0.,0.,NA,NA,"",1.71317125E-03,-584.997353E-06,-1.61019678E-03
/prb1_bonus/Job-1.odb,charge,Increment      1: Step Time =   2.2200E-16,"BEAM-1",126,11.8000002,0.,0.,NA,NA,"",1.70725805E-03,-589.997333E-06,-1.60207157E-03
/prb1_bonus/Job-1.odb,charge,Increment      1: Step Time =   2.2200E-16,"BEAM-1",127,11.8999996,0.,0.,NA,NA,"",1.70099398E-03,-594.997255E-06,-1.59353658E-03
/prb1_bonus/Job-1.odb,charge,Increment      1: Step Time =   2.2200E-16,"BEAM-1",128,12.,0.,0.,NA,NA,"",1.69438566E-03,-599.997293E-06,-1.58459647E-03
/prb1_bonus/Job-1.odb,charge,Increment      1: Step Time =   2.2200E-16,"BEAM-1",129,12.1000004,0.,0.,NA,NA,"",1.68744009E-03,-604.997273E-06,-1.57525635E-03
/prb1_bonus/Job-1.odb,charge,Increment      1: Step Time =   2.2200E-16,"BEAM-1",130,12.1999998,0.,0.,NA,NA,"",1.68016471E-03,-609.997194E-06,-1.56552123E-03
/prb1_bonus/Job-1.odb,charge,Increment      1: Step Time =   2.2200E-16,"BEAM-1",131,12.3000002,0.,0.,NA,NA,"",1.67256652E-03,-614.997232E-06,-1.55539613E-03
/prb1_bonus/Job-1.odb,charge,Increment      1: Step Time =   2.2200E-16,"BEAM-1",132,12.3999996,0.,0.,NA,NA,"",1.66465307E-03,-619.997154E-06,-1.54488615E-03
/prb1_bonus/Job-1.odb,charge,Increment      1: Step Time =   2.2200E-16,"BEAM-1",133,12.5,0.,0.,NA,NA,"",1.65643136E-03,-624.997192E-06,-1.53399596E-03
/prb1_bonus/Job-1.odb,charge,Increment      1: Step Time =   2.2200E-16,"BEAM-1",134,12.6000004,0.,0.,NA,NA,"",1.64790952E-03,-629.997172E-06,-1.52273092E-03
/prb1_bonus/Job-1.odb,charge,Increment      1: Step Time =   2.2200E-16,"BEAM-1",135,12.6999998,0.,0.,NA,NA,"",1.63909490E-03,-634.997094E-06,-1.51109591E-03
/prb1_bonus/Job-1.odb,charge,Increment      1: Step Time =   2.2200E-16,"BEAM-1",136,12.8000002,0.,0.,NA,NA,"",1.62999530E-03,-639.997132E-06,-1.49909582E-03
/prb1_bonus/Job-1.odb,charge,Increment      1: Step Time =   2.2200E-16,"BEAM-1",137,12.8999996,0.,0.,NA,NA,"",1.62061851E-03,-644.997053E-06,-1.48673577E-03
/prb1_bonus/Job-1.odb,charge,Increment      1: Step Time =   2.2200E-16,"BEAM-1",138,13.,0.,0.,NA,NA,"",1.61097269E-03,-649.997033E-06,-1.47402065E-03
/prb1_bonus/Job-1.odb,charge,Increment      1: Step Time =   2.2200E-16,"BEAM-1",139,13.1000004,0.,0.,NA,NA,"",1.60106597E-03,-654.997071E-06,-1.46095559E-03
/prb1_bonus/Job-1.odb,charge,Increment      1: Step Time =   2.2200E-16,"BEAM-1",140,13.1999998,0.,0.,NA,NA,"",1.59090676E-03,-659.996993E-06,-1.44754560E-03
/prb1_bonus/Job-1.odb,charge,Increment      1: Step Time =   2.2200E-16,"BEAM-1",141,13.3000002,0.,0.,NA,NA,"",1.58050330E-03,-664.996973E-06,-1.43379555E-03
/prb1_bonus/Job-1.odb,charge,Increment      1: Step Time =   2.2200E-16,"BEAM-1",142,13.3999996,0.,0.,NA,NA,"",1.56986434E-03,-669.996953E-06,-1.41971058E-03
/prb1_bonus/Job-1.odb,charge,Increment      1: Step Time =   2.2200E-16,"BEAM-1",143,13.5,0.,0.,NA,NA,"",1.55899860E-03,-674.996933E-06,-1.40529557E-03
/prb1_bonus/Job-1.odb,charge,Increment      1: Step Time =   2.2200E-16,"BEAM-1",144,13.6000004,0.,0.,NA,NA,"",1.54791481E-03,-679.996912E-06,-1.39055541E-03
/prb1_bonus/Job-1.odb,charge,Increment      1: Step Time =   2.2200E-16,"BEAM-1",145,13.6999998,0.,0.,NA,NA,"",1.53662241E-03,-684.996892E-06,-1.37549546E-03
/prb1_bonus/Job-1.odb,charge,Increment      1: Step Time =   2.2200E-16,"BEAM-1",146,13.8000002,0.,0.,NA,NA,"",1.52513059E-03,-689.996872E-06,-1.36012037E-03
/prb1_bonus/Job-1.odb,charge,Increment      1: Step Time =   2.2200E-16,"BEAM-1",147,13.8999996,0.,0.,NA,NA,"",1.51344889E-03,-694.996852E-06,-1.34443550E-03
/prb1_bonus/Job-1.odb,charge,Increment      1: Step Time =   2.2200E-16,"BEAM-1",148,14.,0.,0.,NA,NA,"",1.50158675E-03,-699.996832E-06,-1.32844539E-03
/prb1_bonus/Job-1.odb,charge,Increment      1: Step Time =   2.2200E-16,"BEAM-1",149,14.1000004,0.,0.,NA,NA,"",1.48955442E-03,-704.996812E-06,-1.31215539E-03
/prb1_bonus/Job-1.odb,charge,Increment      1: Step Time =   2.2200E-16,"BEAM-1",150,14.1999998,0.,0.,NA,NA,"",1.47736201E-03,-709.996792E-06,-1.29557052E-03
/prb1_bonus/Job-1.odb,charge,Increment      1: Step Time =   2.2200E-16,"BEAM-1",151,14.3000002,0.,0.,NA,NA,"",1.46501965E-03,-714.996771E-06,-1.27869542E-03
/prb1_bonus/Job-1.odb,charge,Increment      1: Step Time =   2.2200E-16,"BEAM-1",152,14.3999996,0.,0.,NA,NA,"",1.45253818E-03,-719.996693E-06,-1.26153557E-03
/prb1_bonus/Job-1.odb,charge,Increment      1: Step Time =   2.2200E-16,"BEAM-1",153,14.5,0.,0.,NA,NA,"",1.43992843E-03,-724.996731E-06,-1.24409550E-03
/prb1_bonus/Job-1.odb,charge,Increment      1: Step Time =   2.2200E-16,"BEAM-1",154,14.6000004,0.,0.,NA,NA,"",1.42720144E-03,-729.996711E-06,-1.22638035E-03
/prb1_bonus/Job-1.odb,charge,Increment      1: Step Time =   2.2200E-16,"BEAM-1",155,14.6999998,0.,0.,NA,NA,"",1.41436909E-03,-734.996633E-06,-1.20839558E-03
/prb1_bonus/Job-1.odb,charge,Increment      1: Step Time =   2.2200E-16,"BEAM-1",156,14.8000002,0.,0.,NA,NA,"",1.40144269E-03,-739.996671E-06,-1.19014550E-03
/prb1_bonus/Job-1.odb,charge,Increment      1: Step Time =   2.2200E-16,"BEAM-1",157,14.8999996,0.,0.,NA,NA,"",1.38843432E-03,-744.996592E-06,-1.17163558E-03
/prb1_bonus/Job-1.odb,charge,Increment      1: Step Time =   2.2200E-16,"BEAM-1",158,15.,0.,0.,NA,NA,"",1.37535646E-03,-749.996572E-06,-1.15287059E-03
/prb1_bonus/Job-1.odb,charge,Increment      1: Step Time =   2.2200E-16,"BEAM-1",159,15.1000004,0.,0.,NA,NA,"",1.36222178E-03,-754.996610E-06,-1.13385555E-03
/prb1_bonus/Job-1.odb,charge,Increment      1: Step Time =   2.2200E-16,"BEAM-1",160,15.1999998,0.,0.,NA,NA,"",1.34904345E-03,-759.996532E-06,-1.11459568E-03
/prb1_bonus/Job-1.odb,charge,Increment      1: Step Time =   2.2200E-16,"BEAM-1",161,15.3000002,0.,0.,NA,NA,"",1.33583462E-03,-764.996512E-06,-1.09509565E-03
/prb1_bonus/Job-1.odb,charge,Increment      1: Step Time =   2.2200E-16,"BEAM-1",162,15.3999996,0.,0.,NA,NA,"",1.32260937E-03,-769.996492E-06,-1.07536081E-03
/prb1_bonus/Job-1.odb,charge,Increment      1: Step Time =   2.2200E-16,"BEAM-1",163,15.5,0.,0.,NA,NA,"",1.30938145E-03,-774.996472E-06,-1.05539581E-03
/prb1_bonus/Job-1.odb,charge,Increment      1: Step Time =   2.2200E-16,"BEAM-1",164,15.6000004,0.,0.,NA,NA,"",1.29616575E-03,-779.996510E-06,-1.03520579E-03
/prb1_bonus/Job-1.odb,charge,Increment      1: Step Time =   2.2200E-16,"BEAM-1",165,15.6999998,0.,0.,NA,NA,"",1.28297706E-03,-784.996431E-06,-1.01479597E-03
/prb1_bonus/Job-1.odb,charge,Increment      1: Step Time =   2.2200E-16,"BEAM-1",166,15.8000002,0.,0.,NA,NA,"",1.26983074E-03,-789.996411E-06,-994.170900E-06
/prb1_bonus/Job-1.odb,charge,Increment      1: Step Time =   2.2200E-16,"BEAM-1",167,15.8999996,0.,0.,NA,NA,"",1.25674275E-03,-794.996391E-06,-973.336108E-06
/prb1_bonus/Job-1.odb,charge,Increment      1: Step Time =   2.2200E-16,"BEAM-1",168,16.,0.,0.,NA,NA,"",1.24372903E-03,-799.996371E-06,-952.296075E-06
/prb1_bonus/Job-1.odb,charge,Increment      1: Step Time =   2.2200E-16,"BEAM-1",169,16.1000004,0.,0.,NA,NA,"",1.23080646E-03,-804.996351E-06,-931.056042E-06
/prb1_bonus/Job-1.odb,charge,Increment      1: Step Time =   2.2200E-16,"BEAM-1",170,16.2000008,0.,0.,NA,NA,"",1.21799204E-03,-809.996389E-06,-909.621012E-06
/prb1_bonus/Job-1.odb,charge,Increment      1: Step Time =   2.2200E-16,"BEAM-1",171,16.2999992,0.,0.,NA,NA,"",1.20530347E-03,-814.996252E-06,-887.996459E-06
/prb1_bonus/Job-1.odb,charge,Increment      1: Step Time =   2.2200E-16,"BEAM-1",172,16.3999996,0.,0.,NA,NA,"",1.19275844E-03,-819.996232E-06,-866.186398E-06
/prb1_bonus/Job-1.odb,charge,Increment      1: Step Time =   2.2200E-16,"BEAM-1",173,16.5,0.,0.,NA,NA,"",1.18037558E-03,-824.996270E-06,-844.196416E-06
/prb1_bonus/Job-1.odb,charge,Increment      1: Step Time =   2.2200E-16,"BEAM-1",174,16.6000004,0.,0.,NA,NA,"",1.16817350E-03,-829.996250E-06,-822.031405E-06
/prb1_bonus/Job-1.odb,charge,Increment      1: Step Time =   2.2200E-16,"BEAM-1",175,16.7000008,0.,0.,NA,NA,"",1.15617167E-03,-834.996230E-06,-799.696369E-06
/prb1_bonus/Job-1.odb,charge,Increment      1: Step Time =   2.2200E-16,"BEAM-1",176,16.7999992,0.,0.,NA,NA,"",1.14438997E-03,-839.996152E-06,-777.196838E-06
/prb1_bonus/Job-1.odb,charge,Increment      1: Step Time =   2.2200E-16,"BEAM-1",177,16.8999996,0.,0.,NA,NA,"",1.13284786E-03,-844.996131E-06,-754.536828E-06
/prb1_bonus/Job-1.odb,charge,Increment      1: Step Time =   2.2200E-16,"BEAM-1",178,17.,0.,0.,NA,NA,"",1.12156605E-03,-849.996170E-06,-731.721811E-06
/prb1_bonus/Job-1.odb,charge,Increment      1: Step Time =   2.2200E-16,"BEAM-1",179,17.1000004,0.,0.,NA,NA,"",1.11056503E-03,-854.996149E-06,-708.756794E-06
/prb1_bonus/Job-1.odb,charge,Increment      1: Step Time =   2.2200E-16,"BEAM-1",180,17.2000008,0.,0.,NA,NA,"",1.09986577E-03,-859.996129E-06,-685.646781E-06
/prb1_bonus/Job-1.odb,charge,Increment      1: Step Time =   2.2200E-16,"BEAM-1",181,17.2999992,0.,0.,NA,NA,"",1.08948990E-03,-864.996051E-06,-662.397244E-06
/prb1_bonus/Job-1.odb,charge,Increment      1: Step Time =   2.2200E-16,"BEAM-1",182,17.3999996,0.,0.,NA,NA,"",1.07945804E-03,-869.996031E-06,-639.012258E-06
/prb1_bonus/Job-1.odb,charge,Increment      1: Step Time =   2.2200E-16,"BEAM-1",183,17.5,0.,0.,NA,NA,"",1.06979196E-03,-874.996011E-06,-615.497236E-06
/prb1_bonus/Job-1.odb,charge,Increment      1: Step Time =   2.2200E-16,"BEAM-1",184,17.6000004,0.,0.,NA,NA,"",1.06051308E-03,-879.996049E-06,-591.857242E-06
/prb1_bonus/Job-1.odb,charge,Increment      1: Step Time =   2.2200E-16,"BEAM-1",185,17.7000008,0.,0.,NA,NA,"",1.05164282E-03,-884.996029E-06,-568.097283E-06
/prb1_bonus/Job-1.odb,charge,Increment      1: Step Time =   2.2200E-16,"BEAM-1",186,17.7999992,0.,0.,NA,NA,"",1.04320236E-03,-889.995950E-06,-544.222770E-06
/prb1_bonus/Job-1.odb,charge,Increment      1: Step Time =   2.2200E-16,"BEAM-1",187,17.8999996,0.,0.,NA,NA,"",1.03521254E-03,-894.995930E-06,-520.237780E-06
/prb1_bonus/Job-1.odb,charge,Increment      1: Step Time =   2.2200E-16,"BEAM-1",188,18.,0.,0.,NA,NA,"",1.02769420E-03,-899.995910E-06,-496.147783E-06
/prb1_bonus/Job-1.odb,charge,Increment      1: Step Time =   2.2200E-16,"BEAM-1",189,18.1000004,0.,0.,NA,NA,"",1.02066726E-03,-904.995890E-06,-471.957756E-06
/prb1_bonus/Job-1.odb,charge,Increment      1: Step Time =   2.2200E-16,"BEAM-1",190,18.2000008,0.,0.,NA,NA,"",1.01415161E-03,-909.995928E-06,-447.672763E-06
/prb1_bonus/Job-1.odb,charge,Increment      1: Step Time =   2.2200E-16,"BEAM-1",191,18.2999992,0.,0.,NA,NA,"",1.00816600E-03,-914.995791E-06,-423.298276E-06
/prb1_bonus/Job-1.odb,charge,Increment      1: Step Time =   2.2200E-16,"BEAM-1",192,18.3999996,0.,0.,NA,NA,"",1.00272836E-03,-919.995829E-06,-398.838281E-06
/prb1_bonus/Job-1.odb,charge,Increment      1: Step Time =   2.2200E-16,"BEAM-1",193,18.5,0.,0.,NA,NA,"",997.855910E-06,-924.995809E-06,-374.298281E-06
/prb1_bonus/Job-1.odb,charge,Increment      1: Step Time =   2.2200E-16,"BEAM-1",194,18.6000004,0.,0.,NA,NA,"",993.564609E-06,-929.995789E-06,-349.683309E-06
/prb1_bonus/Job-1.odb,charge,Increment      1: Step Time =   2.2200E-16,"BEAM-1",195,18.7000008,0.,0.,NA,NA,"",989.869237E-06,-934.995769E-06,-324.998313E-06
/prb1_bonus/Job-1.odb,charge,Increment      1: Step Time =   2.2200E-16,"BEAM-1",196,18.7999992,0.,0.,NA,NA,"",986.783300E-06,-939.995691E-06,-300.248823E-06
/prb1_bonus/Job-1.odb,charge,Increment      1: Step Time =   2.2200E-16,"BEAM-1",197,18.8999996,0.,0.,NA,NA,"",984.318671E-06,-944.995671E-06,-275.438826E-06
/prb1_bonus/Job-1.odb,charge,Increment      1: Step Time =   2.2200E-16,"BEAM-1",198,19.,0.,0.,NA,NA,"",982.486177E-06,-949.995709E-06,-250.573852E-06
/prb1_bonus/Job-1.odb,charge,Increment      1: Step Time =   2.2200E-16,"BEAM-1",199,19.1000004,0.,0.,NA,NA,"",981.294434E-06,-954.995689E-06,-225.658863E-06
/prb1_bonus/Job-1.odb,charge,Increment      1: Step Time =   2.2200E-16,"BEAM-1",200,19.2000008,0.,0.,NA,NA,"",980.750541E-06,-959.995668E-06,-200.698880E-06
/prb1_bonus/Job-1.odb,charge,Increment      1: Step Time =   2.2200E-16,"BEAM-1",201,19.2999992,0.,0.,NA,NA,"",980.860204E-06,-964.995590E-06,-175.699388E-06
/prb1_bonus/Job-1.odb,charge,Increment      1: Step Time =   2.2200E-16,"BEAM-1",202,19.3999996,0.,0.,NA,NA,"",981.626799E-06,-969.995570E-06,-150.664404E-06
/prb1_bonus/Job-1.odb,charge,Increment      1: Step Time =   2.2200E-16,"BEAM-1",203,19.5,0.,0.,NA,NA,"",983.052189E-06,-974.995550E-06,-125.599414E-06
/prb1_bonus/Job-1.odb,charge,Increment      1: Step Time =   2.2200E-16,"BEAM-1",204,19.6000004,0.,0.,NA,NA,"",985.136256E-06,-979.995588E-06,-100.509431E-06
/prb1_bonus/Job-1.odb,charge,Increment      1: Step Time =   2.2200E-16,"BEAM-1",205,19.7000008,0.,0.,NA,NA,"",987.877254E-06,-984.995626E-06,-75.3994536E-06
/prb1_bonus/Job-1.odb,charge,Increment      1: Step Time =   2.2200E-16,"BEAM-1",206,19.7999992,0.,0.,NA,NA,"",991.271227E-06,-989.995431E-06,-50.2749681E-06
/prb1_bonus/Job-1.odb,charge,Increment      1: Step Time =   2.2200E-16,"BEAM-1",207,19.8999996,0.,0.,NA,NA,"",995.313050E-06,-994.995469E-06,-25.1399833E-06
/prb1_bonus/Job-1.odb,charge,Increment      1: Step Time =   2.2200E-16,"BEAM-1",208,9.99999978E-03,10.,0.,NA,NA,"",501.525449E-09,-499.997725E-09,-39.1162907E-09
/prb1_bonus/Job-1.odb,charge,Increment      1: Step Time =   2.2200E-16,"BEAM-1",209,19.9999996E-03,10.,0.,NA,NA,"",1.00305056E-06,-999.995450E-09,-78.2275791E-09
/prb1_bonus/Job-1.odb,charge,Increment      1: Step Time =   2.2200E-16,"BEAM-1",210,29.9999993E-03,10.,0.,NA,NA,"",1.50457481E-06,-1.49999312E-06,-117.328867E-09
/prb1_bonus/Job-1.odb,charge,Increment      1: Step Time =   2.2200E-16,"BEAM-1",211,39.9999991E-03,10.,0.,NA,NA,"",2.00609793E-06,-1.99999090E-06,-156.415155E-09
/prb1_bonus/Job-1.odb,charge,Increment      1: Step Time =   2.2200E-16,"BEAM-1",212,50.0000007E-03,10.,0.,NA,NA,"",2.50761991E-06,-2.49998880E-06,-195.481462E-09
/prb1_bonus/Job-1.odb,charge,Increment      1: Step Time =   2.2200E-16,"BEAM-1",213,59.9999987E-03,10.,0.,NA,NA,"",3.00913916E-06,-2.99998624E-06,-234.522744E-09
/prb1_bonus/Job-1.odb,charge,Increment      1: Step Time =   2.2200E-16,"BEAM-1",214,70.0000003E-03,10.,0.,NA,NA,"",3.51065660E-06,-3.49998413E-06,-273.534027E-09
/prb1_bonus/Job-1.odb,charge,Increment      1: Step Time =   2.2200E-16,"BEAM-1",215,79.9999982E-03,10.,0.,NA,NA,"",4.01217130E-06,-3.99998180E-06,-312.510338E-09
/prb1_bonus/Job-1.odb,charge,Increment      1: Step Time =   2.2200E-16,"BEAM-1",216,90.0000036E-03,10.,0.,NA,NA,"",4.51368260E-06,-4.49997970E-06,-351.446630E-09
/prb1_bonus/Job-1.odb,charge,Increment      1: Step Time =   2.2200E-16,"BEAM-1",217,100.000001E-03,10.,0.,NA,NA,"",5.01519116E-06,-4.99997759E-06,-390.337931E-09
/prb1_bonus/Job-1.odb,charge,Increment      1: Step Time =   2.2200E-16,"BEAM-1",218,109.999999E-03,10.,0.,NA,NA,"",5.51669473E-06,-5.49997503E-06,-429.179210E-09
/prb1_bonus/Job-1.odb,charge,Increment      1: Step Time =   2.2200E-16,"BEAM-1",219,119.999997E-03,10.,0.,NA,NA,"",6.01819420E-06,-5.99997247E-06,-467.965492E-09
/prb1_bonus/Job-1.odb,charge,Increment      1: Step Time =   2.2200E-16,"BEAM-1",220,129.999995E-03,10.,0.,NA,NA,"",6.51968912E-06,-6.49997037E-06,-506.691777E-09
/prb1_bonus/Job-1.odb,charge,Increment      1: Step Time =   2.2200E-16,"BEAM-1",221,140.000001E-03,10.,0.,NA,NA,"",7.02117995E-06,-6.99996826E-06,-545.353089E-09
/prb1_bonus/Job-1.odb,charge,Increment      1: Step Time =   2.2200E-16,"BEAM-1",222,150.000006E-03,10.,0.,NA,NA,"",7.52266442E-06,-7.49996616E-06,-583.944427E-09
/prb1_bonus/Job-1.odb,charge,Increment      1: Step Time =   2.2200E-16,"BEAM-1",223,159.999996E-03,10.,0.,NA,NA,"",8.02414343E-06,-7.99996360E-06,-622.460675E-09
/prb1_bonus/Job-1.odb,charge,Increment      1: Step Time =   2.2200E-16,"BEAM-1",224,170.000002E-03,10.,0.,NA,NA,"",8.52561607E-06,-8.49996195E-06,-660.897001E-09
/prb1_bonus/Job-1.odb,charge,Increment      1: Step Time =   2.2200E-16,"BEAM-1",225,180.000007E-03,10.,0.,NA,NA,"",9.02708234E-06,-8.99995939E-06,-699.248346E-09
/prb1_bonus/Job-1.odb,charge,Increment      1: Step Time =   2.2200E-16,"BEAM-1",226,189.999998E-03,10.,0.,NA,NA,"",9.52854134E-06,-9.49995683E-06,-737.509595E-09
/prb1_bonus/Job-1.odb,charge,Increment      1: Step Time =   2.2200E-16,"BEAM-1",227,200.000003E-03,10.,0.,NA,NA,"",10.0299940E-06,-9.99995518E-06,-775.675915E-09
/prb1_bonus/Job-1.odb,charge,Increment      1: Step Time =   2.2200E-16,"BEAM-1",228,209.999993E-03,10.,0.,NA,NA,"",10.5314366E-06,-10.4999517E-06,-813.742190E-09
/prb1_bonus/Job-1.odb,charge,Increment      1: Step Time =   2.2200E-16,"BEAM-1",229,219.999999E-03,10.,0.,NA,NA,"",11.0328738E-06,-10.9999501E-06,-851.703533E-09
/prb1_bonus/Job-1.odb,charge,Increment      1: Step Time =   2.2200E-16,"BEAM-1",230,230.000004E-03,10.,0.,NA,NA,"",11.5343018E-06,-11.4999484E-06,-889.554826E-09
/prb1_bonus/Job-1.odb,charge,Increment      1: Step Time =   2.2200E-16,"BEAM-1",231,239.999995E-03,10.,0.,NA,NA,"",12.0357190E-06,-11.9999449E-06,-927.291126E-09
/prb1_bonus/Job-1.odb,charge,Increment      1: Step Time =   2.2200E-16,"BEAM-1",232,250.E-03,10.,0.,NA,NA,"",12.5371298E-06,-12.4999433E-06,-964.907485E-09
/prb1_bonus/Job-1.odb,charge,Increment      1: Step Time =   2.2200E-16,"BEAM-1",233,259.999990E-03,10.,0.,NA,NA,"",13.0385297E-06,-12.9999407E-06,-1.00239868E-06
/prb1_bonus/Job-1.odb,charge,Increment      1: Step Time =   2.2200E-16,"BEAM-1",234,270.000011E-03,10.,0.,NA,NA,"",13.5399214E-06,-13.4999391E-06,-1.03976015E-06
/prb1_bonus/Job-1.odb,charge,Increment      1: Step Time =   2.2200E-16,"BEAM-1",235,280.000001E-03,10.,0.,NA,NA,"",14.0413003E-06,-13.9999365E-06,-1.07698634E-06
/prb1_bonus/Job-1.odb,charge,Increment      1: Step Time =   2.2200E-16,"BEAM-1",236,289.999992E-03,10.,0.,NA,NA,"",14.5426693E-06,-14.4999340E-06,-1.11407269E-06
/prb1_bonus/Job-1.odb,charge,Increment      1: Step Time =   2.2200E-16,"BEAM-1",237,300.000012E-03,10.,0.,NA,NA,"",15.0440283E-06,-14.9999323E-06,-1.15101409E-06
/prb1_bonus/Job-1.odb,charge,Increment      1: Step Time =   2.2200E-16,"BEAM-1",238,310.000002E-03,10.,0.,NA,NA,"",15.5453763E-06,-15.4999307E-06,-1.18780531E-06
/prb1_bonus/Job-1.odb,charge,Increment      1: Step Time =   2.2200E-16,"BEAM-1",239,319.999993E-03,10.,0.,NA,NA,"",16.0467098E-06,-15.9999272E-06,-1.22444169E-06
/prb1_bonus/Job-1.odb,charge,Increment      1: Step Time =   2.2200E-16,"BEAM-1",240,330.000013E-03,10.,0.,NA,NA,"",16.5480342E-06,-16.4999256E-06,-1.26091800E-06
/prb1_bonus/Job-1.odb,charge,Increment      1: Step Time =   2.2200E-16,"BEAM-1",241,340.000004E-03,10.,0.,NA,NA,"",17.0493458E-06,-16.9999239E-06,-1.29722935E-06
/prb1_bonus/Job-1.odb,charge,Increment      1: Step Time =   2.2200E-16,"BEAM-1",242,349.999994E-03,10.,0.,NA,NA,"",17.5506448E-06,-17.4999204E-06,-1.33337062E-06
/prb1_bonus/Job-1.odb,charge,Increment      1: Step Time =   2.2200E-16,"BEAM-1",243,360.000014E-03,10.,0.,NA,NA,"",18.0519291E-06,-17.9999188E-06,-1.36933704E-06
/prb1_bonus/Job-1.odb,charge,Increment      1: Step Time =   2.2200E-16,"BEAM-1",244,370.000005E-03,10.,0.,NA,NA,"",18.5532008E-06,-18.4999171E-06,-1.40512338E-06
/prb1_bonus/Job-1.odb,charge,Increment      1: Step Time =   2.2200E-16,"BEAM-1",245,379.999995E-03,10.,0.,NA,NA,"",19.0544597E-06,-18.9999137E-06,-1.44072465E-06
/prb1_bonus/Job-1.odb,charge,Increment      1: Step Time =   2.2200E-16,"BEAM-1",246,389.999986E-03,10.,0.,NA,NA,"",19.5557022E-06,-19.4999102E-06,-1.47613594E-06
/prb1_bonus/Job-1.odb,charge,Increment      1: Step Time =   2.2200E-16,"BEAM-1",247,400.000006E-03,10.,0.,NA,NA,"",20.0569339E-06,-19.9999104E-06,-1.51135237E-06
/prb1_bonus/Job-1.odb,charge,Increment      1: Step Time =   2.2200E-16,"BEAM-1",248,409.999996E-03,10.,0.,NA,NA,"",20.5581473E-06,-20.4999069E-06,-1.54636871E-06
/prb1_bonus/Job-1.odb,charge,Increment      1: Step Time =   2.2200E-16,"BEAM-1",249,419.999987E-03,10.,0.,NA,NA,"",21.0593462E-06,-20.9999034E-06,-1.58117996E-06
/prb1_bonus/Job-1.odb,charge,Increment      1: Step Time =   2.2200E-16,"BEAM-1",250,430.000007E-03,10.,0.,NA,NA,"",21.5605342E-06,-21.4999036E-06,-1.61578146E-06
/prb1_bonus/Job-1.odb,charge,Increment      1: Step Time =   2.2200E-16,"BEAM-1",251,439.999998E-03,10.,0.,NA,NA,"",22.0617021E-06,-21.9999001E-06,-1.65016775E-06
/prb1_bonus/Job-1.odb,charge,Increment      1: Step Time =   2.2200E-16,"BEAM-1",252,449.999988E-03,10.,0.,NA,NA,"",22.5628537E-06,-22.4998967E-06,-1.68433405E-06
/prb1_bonus/Job-1.odb,charge,Increment      1: Step Time =   2.2200E-16,"BEAM-1",253,460.000008E-03,10.,0.,NA,NA,"",23.0639907E-06,-22.9998968E-06,-1.71827548E-06
/prb1_bonus/Job-1.odb,charge,Increment      1: Step Time =   2.2200E-16,"BEAM-1",254,469.999999E-03,10.,0.,NA,NA,"",23.5651096E-06,-23.4998934E-06,-1.75198682E-06
/prb1_bonus/Job-1.odb,charge,Increment      1: Step Time =   2.2200E-16,"BEAM-1",255,479.999989E-03,10.,0.,NA,NA,"",24.0662121E-06,-23.9998899E-06,-1.78546316E-06
/prb1_bonus/Job-1.odb,charge,Increment      1: Step Time =   2.2200E-16,"BEAM-1",256,490.000010E-03,10.,0.,NA,NA,"",24.5673018E-06,-24.4998901E-06,-1.81869962E-06
/prb1_bonus/Job-1.odb,charge,Increment      1: Step Time =   2.2200E-16,"BEAM-1",257,500.E-03,10.,0.,NA,NA,"",25.0683679E-06,-24.9998866E-06,-1.85169097E-06
/prb1_bonus/Job-1.odb,charge,Increment      1: Step Time =   2.2200E-16,"BEAM-1",258,509.999990E-03,10.,0.,NA,NA,"",25.5694176E-06,-25.4998831E-06,-1.88443232E-06
/prb1_bonus/Job-1.odb,charge,Increment      1: Step Time =   2.2200E-16,"BEAM-1",259,519.999981E-03,10.,0.,NA,NA,"",26.0704510E-06,-25.9998815E-06,-1.91691856E-06
/prb1_bonus/Job-1.odb,charge,Increment      1: Step Time =   2.2200E-16,"BEAM-1",260,529.999971E-03,10.,0.,NA,NA,"",26.5714643E-06,-26.4998780E-06,-1.94914492E-06
/prb1_bonus/Job-1.odb,charge,Increment      1: Step Time =   2.2200E-16,"BEAM-1",261,540.000021E-03,10.,0.,NA,NA,"",27.0724631E-06,-26.9998782E-06,-1.98110661E-06
/prb1_bonus/Job-1.odb,charge,Increment      1: Step Time =   2.2200E-16,"BEAM-1",262,550.000012E-03,10.,0.,NA,NA,"",27.5734401E-06,-27.4998765E-06,-2.01279795E-06
/prb1_bonus/Job-1.odb,charge,Increment      1: Step Time =   2.2200E-16,"BEAM-1",263,560.000002E-03,10.,0.,NA,NA,"",28.0743952E-06,-27.9998731E-06,-2.04421417E-06
/prb1_bonus/Job-1.odb,charge,Increment      1: Step Time =   2.2200E-16,"BEAM-1",264,569.999993E-03,10.,0.,NA,NA,"",28.5753322E-06,-28.4998696E-06,-2.07535072E-06
/prb1_bonus/Job-1.odb,charge,Increment      1: Step Time =   2.2200E-16,"BEAM-1",265,579.999983E-03,10.,0.,NA,NA,"",29.0762509E-06,-28.9998679E-06,-2.10620192E-06
/prb1_bonus/Job-1.odb,charge,Increment      1: Step Time =   2.2200E-16,"BEAM-1",266,589.999974E-03,10.,0.,NA,NA,"",29.5771479E-06,-29.4998645E-06,-2.13676344E-06
/prb1_bonus/Job-1.odb,charge,Increment      1: Step Time =   2.2200E-16,"BEAM-1",267,600.000024E-03,10.,0.,NA,NA,"",30.0780302E-06,-29.9998646E-06,-2.16702983E-06
/prb1_bonus/Job-1.odb,charge,Increment      1: Step Time =   2.2200E-16,"BEAM-1",268,610.000014E-03,10.,0.,NA,NA,"",30.5788890E-06,-30.4998630E-06,-2.19699632E-06
/prb1_bonus/Job-1.odb,charge,Increment      1: Step Time =   2.2200E-16,"BEAM-1",269,620.000005E-03,10.,0.,NA,NA,"",31.0797259E-06,-30.9998613E-06,-2.22665767E-06
/prb1_bonus/Job-1.odb,charge,Increment      1: Step Time =   2.2200E-16,"BEAM-1",270,629.999995E-03,10.,0.,NA,NA,"",31.5805410E-06,-31.4998579E-06,-2.25600911E-06
/prb1_bonus/Job-1.odb,charge,Increment      1: Step Time =   2.2200E-16,"BEAM-1",271,639.999986E-03,10.,0.,NA,NA,"",32.0813342E-06,-31.9998544E-06,-2.28504541E-06
/prb1_bonus/Job-1.odb,charge,Increment      1: Step Time =   2.2200E-16,"BEAM-1",272,649.999976E-03,10.,0.,NA,NA,"",32.5821093E-06,-32.4998509E-06,-2.31376180E-06
/prb1_bonus/Job-1.odb,charge,Increment      1: Step Time =   2.2200E-16,"BEAM-1",273,660.000026E-03,10.,0.,NA,NA,"",33.0828625E-06,-32.9998511E-06,-2.34215349E-06
/prb1_bonus/Job-1.odb,charge,Increment      1: Step Time =   2.2200E-16,"BEAM-1",274,670.000017E-03,10.,0.,NA,NA,"",33.5835939E-06,-33.4998476E-06,-2.37021482E-06
/prb1_bonus/Job-1.odb,charge,Increment      1: Step Time =   2.2200E-16,"BEAM-1",275,680.000007E-03,10.,0.,NA,NA,"",34.0843035E-06,-33.9998478E-06,-2.39794122E-06
/prb1_bonus/Job-1.odb,charge,Increment      1: Step Time =   2.2200E-16,"BEAM-1",276,689.999998E-03,10.,0.,NA,NA,"",34.5849876E-06,-34.4998443E-06,-2.42532769E-06
/prb1_bonus/Job-1.odb,charge,Increment      1: Step Time =   2.2200E-16,"BEAM-1",277,699.999988E-03,10.,0.,NA,NA,"",35.0856535E-06,-34.9998409E-06,-2.45236924E-06
/prb1_bonus/Job-1.odb,charge,Increment      1: Step Time =   2.2200E-16,"BEAM-1",278,709.999979E-03,10.,0.,NA,NA,"",35.5862940E-06,-35.4998374E-06,-2.47906064E-06
/prb1_bonus/Job-1.odb,charge,Increment      1: Step Time =   2.2200E-16,"BEAM-1",279,720.000029E-03,10.,0.,NA,NA,"",36.0869126E-06,-35.9998376E-06,-2.50539711E-06
/prb1_bonus/Job-1.odb,charge,Increment      1: Step Time =   2.2200E-16,"BEAM-1",280,730.000019E-03,10.,0.,NA,NA,"",36.5875094E-06,-36.4998341E-06,-2.53137364E-06
/prb1_bonus/Job-1.odb,charge,Increment      1: Step Time =   2.2200E-16,"BEAM-1",281,740.000010E-03,10.,0.,NA,NA,"",37.0880844E-06,-36.9998343E-06,-2.55698501E-06
/prb1_bonus/Job-1.odb,charge,Increment      1: Step Time =   2.2200E-16,"BEAM-1",282,750.E-03,10.,0.,NA,NA,"",37.5886302E-06,-37.4998308E-06,-2.58222644E-06
/prb1_bonus/Job-1.odb,charge,Increment      1: Step Time =   2.2200E-16,"BEAM-1",283,759.999990E-03,10.,0.,NA,NA,"",38.0891579E-06,-37.9998273E-06,-2.60709294E-06
/prb1_bonus/Job-1.odb,charge,Increment      1: Step Time =   2.2200E-16,"BEAM-1",284,769.999981E-03,10.,0.,NA,NA,"",38.5896565E-06,-38.4998239E-06,-2.63157949E-06
/prb1_bonus/Job-1.odb,charge,Increment      1: Step Time =   2.2200E-16,"BEAM-1",285,779.999971E-03,10.,0.,NA,NA,"",39.0901369E-06,-38.9998204E-06,-2.65568087E-06
/prb1_bonus/Job-1.odb,charge,Increment      1: Step Time =   2.2200E-16,"BEAM-1",286,790.000021E-03,10.,0.,NA,NA,"",39.5905918E-06,-39.4998206E-06,-2.67939254E-06
/prb1_bonus/Job-1.odb,charge,Increment      1: Step Time =   2.2200E-16,"BEAM-1",287,800.000012E-03,10.,0.,NA,NA,"",40.0910249E-06,-39.9998207E-06,-2.70270903E-06
/prb1_bonus/Job-1.odb,charge,Increment      1: Step Time =   2.2200E-16,"BEAM-1",288,810.000002E-03,10.,0.,NA,NA,"",40.5914288E-06,-40.4998173E-06,-2.72562556E-06
/prb1_bonus/Job-1.odb,charge,Increment      1: Step Time =   2.2200E-16,"BEAM-1",289,819.999993E-03,10.,0.,NA,NA,"",41.0918110E-06,-40.9998138E-06,-2.74813692E-06
/prb1_bonus/Job-1.odb,charge,Increment      1: Step Time =   2.2200E-16,"BEAM-1",290,829.999983E-03,10.,0.,NA,NA,"",41.5921677E-06,-41.4998103E-06,-2.77023855E-06
/prb1_bonus/Job-1.odb,charge,Increment      1: Step Time =   2.2200E-16,"BEAM-1",291,839.999974E-03,10.,0.,NA,NA,"",42.0924989E-06,-41.9998069E-06,-2.79192500E-06
/prb1_bonus/Job-1.odb,charge,Increment      1: Step Time =   2.2200E-16,"BEAM-1",292,850.000024E-03,10.,0.,NA,NA,"",42.5928120E-06,-42.4998070E-06,-2.81319171E-06
/prb1_bonus/Job-1.odb,charge,Increment      1: Step Time =   2.2200E-16,"BEAM-1",293,860.000014E-03,10.,0.,NA,NA,"",43.0930995E-06,-42.9998072E-06,-2.83403324E-06
/prb1_bonus/Job-1.odb,charge,Increment      1: Step Time =   2.2200E-16,"BEAM-1",294,870.000005E-03,10.,0.,NA,NA,"",43.5933580E-06,-43.4998037E-06,-2.85444480E-06
/prb1_bonus/Job-1.odb,charge,Increment      1: Step Time =   2.2200E-16,"BEAM-1",295,879.999995E-03,10.,0.,NA,NA,"",44.0935910E-06,-43.9998003E-06,-2.87442117E-06
/prb1_bonus/Job-1.odb,charge,Increment      1: Step Time =   2.2200E-16,"BEAM-1",296,889.999986E-03,10.,0.,NA,NA,"",44.5938022E-06,-44.4997968E-06,-2.89395780E-06
/prb1_bonus/Job-1.odb,charge,Increment      1: Step Time =   2.2200E-16,"BEAM-1",297,899.999976E-03,10.,0.,NA,NA,"",45.0939806E-06,-44.9997933E-06,-2.91304923E-06
/prb1_bonus/Job-1.odb,charge,Increment      1: Step Time =   2.2200E-16,"BEAM-1",298,910.000026E-03,10.,0.,NA,NA,"",45.5941445E-06,-45.4997935E-06,-2.93169091E-06
/prb1_bonus/Job-1.odb,charge,Increment      1: Step Time =   2.2200E-16,"BEAM-1",299,920.000017E-03,10.,0.,NA,NA,"",46.0942792E-06,-45.9997937E-06,-2.94987740E-06
/prb1_bonus/Job-1.odb,charge,Increment      1: Step Time =   2.2200E-16,"BEAM-1",300,930.000007E-03,10.,0.,NA,NA,"",46.5943886E-06,-46.4997902E-06,-2.96760413E-06
/prb1_bonus/Job-1.odb,charge,Increment      1: Step Time =   2.2200E-16,"BEAM-1",301,939.999998E-03,10.,0.,NA,NA,"",47.0944724E-06,-46.9997867E-06,-2.98486566E-06
/prb1_bonus/Job-1.odb,charge,Increment      1: Step Time =   2.2200E-16,"BEAM-1",302,949.999988E-03,10.,0.,NA,NA,"",47.5945308E-06,-47.4997832E-06,-3.00165721E-06
/prb1_bonus/Job-1.odb,charge,Increment      1: Step Time =   2.2200E-16,"BEAM-1",303,959.999979E-03,10.,0.,NA,NA,"",48.0945637E-06,-47.9997798E-06,-3.01797377E-06
/prb1_bonus/Job-1.odb,charge,Increment      1: Step Time =   2.2200E-16,"BEAM-1",304,970.000029E-03,10.,0.,NA,NA,"",48.5945748E-06,-48.4997800E-06,-3.03381057E-06
/prb1_bonus/Job-1.odb,charge,Increment      1: Step Time =   2.2200E-16,"BEAM-1",305,980.000019E-03,10.,0.,NA,NA,"",49.0945604E-06,-48.9997801E-06,-3.04916216E-06
/prb1_bonus/Job-1.odb,charge,Increment      1: Step Time =   2.2200E-16,"BEAM-1",306,990.000010E-03,10.,0.,NA,NA,"",49.5945169E-06,-49.4997767E-06,-3.06402376E-06
/prb1_bonus/Job-1.odb,charge,Increment      1: Step Time =   2.2200E-16,"BEAM-1",307,1.00999999,10.,0.,NA,NA,"",50.5926364E-06,-50.4997697E-06,-3.06402376E-06
/prb1_bonus/Job-1.odb,charge,Increment      1: Step Time =   2.2200E-16,"BEAM-1",308,1.01999998,10.,0.,NA,NA,"",51.0908358E-06,-50.9997662E-06,-3.04916216E-06
/prb1_bonus/Job-1.odb,charge,Increment      1: Step Time =   2.2200E-16,"BEAM-1",309,1.02999997,10.,0.,NA,NA,"",51.5890497E-06,-51.4997664E-06,-3.03381057E-06
/prb1_bonus/Job-1.odb,charge,Increment      1: Step Time =   2.2200E-16,"BEAM-1",310,1.03999996,10.,0.,NA,NA,"",52.0872672E-06,-51.9997629E-06,-3.01797400E-06
/prb1_bonus/Job-1.odb,charge,Increment      1: Step Time =   2.2200E-16,"BEAM-1",311,1.04999995,10.,0.,NA,NA,"",52.5854994E-06,-52.4997595E-06,-3.00165721E-06
/prb1_bonus/Job-1.odb,charge,Increment      1: Step Time =   2.2200E-16,"BEAM-1",312,1.05999994,10.,0.,NA,NA,"",53.0837387E-06,-52.9997560E-06,-2.98486566E-06
/prb1_bonus/Job-1.odb,charge,Increment      1: Step Time =   2.2200E-16,"BEAM-1",313,1.07000005,10.,0.,NA,NA,"",53.5820036E-06,-53.4997598E-06,-2.96760390E-06
/prb1_bonus/Job-1.odb,charge,Increment      1: Step Time =   2.2200E-16,"BEAM-1",314,1.08000004,10.,0.,NA,NA,"",54.0802685E-06,-53.9997563E-06,-2.94987740E-06
/prb1_bonus/Job-1.odb,charge,Increment      1: Step Time =   2.2200E-16,"BEAM-1",315,1.09000003,10.,0.,NA,NA,"",54.5785479E-06,-54.4997529E-06,-2.93169091E-06
/prb1_bonus/Job-1.odb,charge,Increment      1: Step Time =   2.2200E-16,"BEAM-1",316,1.10000002,10.,0.,NA,NA,"",55.0768455E-06,-54.9997530E-06,-2.91304923E-06
/prb1_bonus/Job-1.odb,charge,Increment      1: Step Time =   2.2200E-16,"BEAM-1",317,1.11000001,10.,0.,NA,NA,"",55.5751503E-06,-55.4997496E-06,-2.89395780E-06
/prb1_bonus/Job-1.odb,charge,Increment      1: Step Time =   2.2200E-16,"BEAM-1",318,1.12000000,10.,0.,NA,NA,"",56.0734661E-06,-55.9997461E-06,-2.87442117E-06
/prb1_bonus/Job-1.odb,charge,Increment      1: Step Time =   2.2200E-16,"BEAM-1",319,1.13000000,10.,0.,NA,NA,"",56.5718037E-06,-56.4997426E-06,-2.85444457E-06
/prb1_bonus/Job-1.odb,charge,Increment      1: Step Time =   2.2200E-16,"BEAM-1",320,1.13999999,10.,0.,NA,NA,"",57.0701486E-06,-56.9997392E-06,-2.83403324E-06
/prb1_bonus/Job-1.odb,charge,Increment      1: Step Time =   2.2200E-16,"BEAM-1",321,1.14999998,10.,0.,NA,NA,"",57.5685153E-06,-57.4997393E-06,-2.81319171E-06
/prb1_bonus/Job-1.odb,charge,Increment      1: Step Time =   2.2200E-16,"BEAM-1",322,1.15999997,10.,0.,NA,NA,"",58.0668930E-06,-57.9997359E-06,-2.79192523E-06
/prb1_bonus/Job-1.odb,charge,Increment      1: Step Time =   2.2200E-16,"BEAM-1",323,1.16999996,10.,0.,NA,NA,"",58.5652888E-06,-58.4997324E-06,-2.77023855E-06
/prb1_bonus/Job-1.odb,charge,Increment      1: Step Time =   2.2200E-16,"BEAM-1",324,1.17999995,10.,0.,NA,NA,"",59.0636955E-06,-58.9997289E-06,-2.74813715E-06
/prb1_bonus/Job-1.odb,charge,Increment      1: Step Time =   2.2200E-16,"BEAM-1",325,1.19000006,10.,0.,NA,NA,"",59.5621277E-06,-59.4997327E-06,-2.72562534E-06
/prb1_bonus/Job-1.odb,charge,Increment      1: Step Time =   2.2200E-16,"BEAM-1",326,1.20000005,10.,0.,NA,NA,"",60.0605708E-06,-59.9997293E-06,-2.70270880E-06
/prb1_bonus/Job-1.odb,charge,Increment      1: Step Time =   2.2200E-16,"BEAM-1",327,1.21000004,10.,0.,NA,NA,"",60.5590285E-06,-60.4997258E-06,-2.67939231E-06
/prb1_bonus/Job-1.odb,charge,Increment      1: Step Time =   2.2200E-16,"BEAM-1",328,1.22000003,10.,0.,NA,NA,"",61.0575080E-06,-60.9997260E-06,-2.65568087E-06
/prb1_bonus/Job-1.odb,charge,Increment      1: Step Time =   2.2200E-16,"BEAM-1",329,1.23000002,10.,0.,NA,NA,"",61.5559984E-06,-61.4997189E-06,-2.63157949E-06
/prb1_bonus/Job-1.odb,charge,Increment      1: Step Time =   2.2200E-16,"BEAM-1",330,1.24000001,10.,0.,NA,NA,"",62.0545106E-06,-61.9997227E-06,-2.60709294E-06
/prb1_bonus/Job-1.odb,charge,Increment      1: Step Time =   2.2200E-16,"BEAM-1",331,1.25,10.,0.,NA,NA,"",62.5530374E-06,-62.4997192E-06,-2.58222644E-06
/prb1_bonus/Job-1.odb,charge,Increment      1: Step Time =   2.2200E-16,"BEAM-1",332,1.25999999,10.,0.,NA,NA,"",63.0515860E-06,-62.9997157E-06,-2.55698501E-06
/prb1_bonus/Job-1.odb,charge,Increment      1: Step Time =   2.2200E-16,"BEAM-1",333,1.26999998,10.,0.,NA,NA,"",63.5501492E-06,-63.4997123E-06,-2.53137364E-06
/prb1_bonus/Job-1.odb,charge,Increment      1: Step Time =   2.2200E-16,"BEAM-1",334,1.27999997,10.,0.,NA,NA,"",64.0487269E-06,-63.9997088E-06,-2.50539711E-06
/prb1_bonus/Job-1.odb,charge,Increment      1: Step Time =   2.2200E-16,"BEAM-1",335,1.28999996,10.,0.,NA,NA,"",64.5473337E-06,-64.4997053E-06,-2.47906087E-06
/prb1_bonus/Job-1.odb,charge,Increment      1: Step Time =   2.2200E-16,"BEAM-1",336,1.29999995,10.,0.,NA,NA,"",65.0459478E-06,-64.9997019E-06,-2.45236924E-06
/prb1_bonus/Job-1.odb,charge,Increment      1: Step Time =   2.2200E-16,"BEAM-1",337,1.30999994,10.,0.,NA,NA,"",65.5445838E-06,-65.4996984E-06,-2.42532792E-06
/prb1_bonus/Job-1.odb,charge,Increment      1: Step Time =   2.2200E-16,"BEAM-1",338,1.32000005,10.,0.,NA,NA,"",66.0432488E-06,-65.9997022E-06,-2.39794122E-06
/prb1_bonus/Job-1.odb,charge,Increment      1: Step Time =   2.2200E-16,"BEAM-1",339,1.33000004,10.,0.,NA,NA,"",66.5419211E-06,-66.4996987E-06,-2.37021482E-06
/prb1_bonus/Job-1.odb,charge,Increment      1: Step Time =   2.2200E-16,"BEAM-1",340,1.34000003,10.,0.,NA,NA,"",67.0406225E-06,-66.9996953E-06,-2.34215327E-06
/prb1_bonus/Job-1.odb,charge,Increment      1: Step Time =   2.2200E-16,"BEAM-1",341,1.35000002,10.,0.,NA,NA,"",67.5393385E-06,-67.4996918E-06,-2.31376202E-06
/prb1_bonus/Job-1.odb,charge,Increment      1: Step Time =   2.2200E-16,"BEAM-1",342,1.36000001,10.,0.,NA,NA,"",68.0380763E-06,-67.9996956E-06,-2.28504541E-06
/prb1_bonus/Job-1.odb,charge,Increment      1: Step Time =   2.2200E-16,"BEAM-1",343,1.37000000,10.,0.,NA,NA,"",68.5368359E-06,-68.4996921E-06,-2.25600911E-06
/prb1_bonus/Job-1.odb,charge,Increment      1: Step Time =   2.2200E-16,"BEAM-1",344,1.38000000,10.,0.,NA,NA,"",69.0356028E-06,-68.9996887E-06,-2.22665767E-06
/prb1_bonus/Job-1.odb,charge,Increment      1: Step Time =   2.2200E-16,"BEAM-1",345,1.38999999,10.,0.,NA,NA,"",69.5344061E-06,-69.4996852E-06,-2.19699632E-06
/prb1_bonus/Job-1.odb,charge,Increment      1: Step Time =   2.2200E-16,"BEAM-1",346,1.39999998,10.,0.,NA,NA,"",70.0332166E-06,-69.9996817E-06,-2.16702983E-06
/prb1_bonus/Job-1.odb,charge,Increment      1: Step Time =   2.2200E-16,"BEAM-1",347,1.40999997,10.,0.,NA,NA,"",70.5320490E-06,-70.4996783E-06,-2.13676344E-06
/prb1_bonus/Job-1.odb,charge,Increment      1: Step Time =   2.2200E-16,"BEAM-1",348,1.41999996,10.,0.,NA,NA,"",71.0309105E-06,-70.9996748E-06,-2.10620215E-06
/prb1_bonus/Job-1.odb,charge,Increment      1: Step Time =   2.2200E-16,"BEAM-1",349,1.42999995,10.,0.,NA,NA,"",71.5297865E-06,-71.4996713E-06,-2.07535072E-06
/prb1_bonus/Job-1.odb,charge,Increment      1: Step Time =   2.2200E-16,"BEAM-1",350,1.44000006,10.,0.,NA,NA,"",72.0286916E-06,-71.9996751E-06,-2.04421417E-06
/prb1_bonus/Job-1.odb,charge,Increment      1: Step Time =   2.2200E-16,"BEAM-1",351,1.45000005,10.,0.,NA,NA,"",72.5276113E-06,-72.4996717E-06,-2.01279772E-06
/prb1_bonus/Job-1.odb,charge,Increment      1: Step Time =   2.2200E-16,"BEAM-1",352,1.46000004,10.,0.,NA,NA,"",73.0265456E-06,-72.9996682E-06,-1.98110638E-06
/prb1_bonus/Job-1.odb,charge,Increment      1: Step Time =   2.2200E-16,"BEAM-1",353,1.47000003,10.,0.,NA,NA,"",73.5255089E-06,-73.4996647E-06,-1.94914492E-06
/prb1_bonus/Job-1.odb,charge,Increment      1: Step Time =   2.2200E-16,"BEAM-1",354,1.48000002,10.,0.,NA,NA,"",74.0244941E-06,-73.9996685E-06,-1.91691856E-06
/prb1_bonus/Job-1.odb,charge,Increment      1: Step Time =   2.2200E-16,"BEAM-1",355,1.49000001,10.,0.,NA,NA,"",74.5234938E-06,-74.4996651E-06,-1.88443232E-06
/prb1_bonus/Job-1.odb,charge,Increment      1: Step Time =   2.2200E-16,"BEAM-1",356,1.5,10.,0.,NA,NA,"",75.0225154E-06,-74.9996616E-06,-1.85169097E-06
/prb1_bonus/Job-1.odb,charge,Increment      1: Step Time =   2.2200E-16,"BEAM-1",357,1.50999999,10.,0.,NA,NA,"",75.5215588E-06,-75.4996581E-06,-1.81869962E-06
/prb1_bonus/Job-1.odb,charge,Increment      1: Step Time =   2.2200E-16,"BEAM-1",358,1.51999998,10.,0.,NA,NA,"",76.0206240E-06,-75.9996547E-06,-1.78546327E-06
/prb1_bonus/Job-1.odb,charge,Increment      1: Step Time =   2.2200E-16,"BEAM-1",359,1.52999997,10.,0.,NA,NA,"",76.5197110E-06,-76.4996512E-06,-1.75198693E-06
/prb1_bonus/Job-1.odb,charge,Increment      1: Step Time =   2.2200E-16,"BEAM-1",360,1.53999996,10.,0.,NA,NA,"",77.0188199E-06,-76.9996477E-06,-1.71827560E-06
/prb1_bonus/Job-1.odb,charge,Increment      1: Step Time =   2.2200E-16,"BEAM-1",361,1.54999995,10.,0.,NA,NA,"",77.5179433E-06,-77.4996442E-06,-1.68433428E-06
/prb1_bonus/Job-1.odb,charge,Increment      1: Step Time =   2.2200E-16,"BEAM-1",362,1.55999994,10.,0.,NA,NA,"",78.0170958E-06,-77.9996408E-06,-1.65016797E-06
/prb1_bonus/Job-1.odb,charge,Increment      1: Step Time =   2.2200E-16,"BEAM-1",363,1.57000005,10.,0.,NA,NA,"",78.5162702E-06,-78.4996446E-06,-1.61578123E-06
/prb1_bonus/Job-1.odb,charge,Increment      1: Step Time =   2.2200E-16,"BEAM-1",364,1.58000004,10.,0.,NA,NA,"",79.0154663E-06,-78.9996411E-06,-1.58117996E-06
/prb1_bonus/Job-1.odb,charge,Increment      1: Step Time =   2.2200E-16,"BEAM-1",365,1.59000003,10.,0.,NA,NA,"",79.5146771E-06,-79.4996376E-06,-1.54636859E-06
/prb1_bonus/Job-1.odb,charge,Increment      1: Step Time =   2.2200E-16,"BEAM-1",366,1.60000002,10.,0.,NA,NA,"",80.0139169E-06,-79.9996415E-06,-1.51135225E-06
/prb1_bonus/Job-1.odb,charge,Increment      1: Step Time =   2.2200E-16,"BEAM-1",367,1.61000001,10.,0.,NA,NA,"",80.5131713E-06,-80.4996380E-06,-1.47613594E-06
/prb1_bonus/Job-1.odb,charge,Increment      1: Step Time =   2.2200E-16,"BEAM-1",368,1.62000000,10.,0.,NA,NA,"",81.0124475E-06,-80.9996345E-06,-1.44072465E-06
/prb1_bonus/Job-1.odb,charge,Increment      1: Step Time =   2.2200E-16,"BEAM-1",369,1.63000000,10.,0.,NA,NA,"",81.5117455E-06,-81.4996311E-06,-1.40512327E-06
/prb1_bonus/Job-1.odb,charge,Increment      1: Step Time =   2.2200E-16,"BEAM-1",370,1.63999999,10.,0.,NA,NA,"",82.0110581E-06,-81.9996276E-06,-1.36933704E-06
/prb1_bonus/Job-1.odb,charge,Increment      1: Step Time =   2.2200E-16,"BEAM-1",371,1.64999998,10.,0.,NA,NA,"",82.5103998E-06,-82.4996241E-06,-1.33337073E-06
/prb1_bonus/Job-1.odb,charge,Increment      1: Step Time =   2.2200E-16,"BEAM-1",372,1.65999997,10.,0.,NA,NA,"",83.0097561E-06,-82.9996206E-06,-1.29722946E-06
/prb1_bonus/Job-1.odb,charge,Increment      1: Step Time =   2.2200E-16,"BEAM-1",373,1.66999996,10.,0.,NA,NA,"",83.5091341E-06,-83.4996172E-06,-1.26091811E-06
/prb1_bonus/Job-1.odb,charge,Increment      1: Step Time =   2.2200E-16,"BEAM-1",374,1.67999995,10.,0.,NA,NA,"",84.0085340E-06,-83.9996137E-06,-1.22444180E-06
/prb1_bonus/Job-1.odb,charge,Increment      1: Step Time =   2.2200E-16,"BEAM-1",375,1.69000006,10.,0.,NA,NA,"",84.5079630E-06,-84.4996175E-06,-1.18780508E-06
/prb1_bonus/Job-1.odb,charge,Increment      1: Step Time =   2.2200E-16,"BEAM-1",376,1.70000005,10.,0.,NA,NA,"",85.0074066E-06,-84.9996140E-06,-1.15101386E-06
/prb1_bonus/Job-1.odb,charge,Increment      1: Step Time =   2.2200E-16,"BEAM-1",377,1.71000004,10.,0.,NA,NA,"",85.5068720E-06,-85.4996106E-06,-1.11407257E-06
/prb1_bonus/Job-1.odb,charge,Increment      1: Step Time =   2.2200E-16,"BEAM-1",378,1.72000003,10.,0.,NA,NA,"",86.0063592E-06,-85.9996144E-06,-1.07698622E-06
/prb1_bonus/Job-1.odb,charge,Increment      1: Step Time =   2.2200E-16,"BEAM-1",379,1.73000002,10.,0.,NA,NA,"",86.5058610E-06,-86.4996109E-06,-1.03976004E-06
/prb1_bonus/Job-1.odb,charge,Increment      1: Step Time =   2.2200E-16,"BEAM-1",380,1.74000001,10.,0.,NA,NA,"",87.0053773E-06,-86.9996074E-06,-1.00239868E-06
/prb1_bonus/Job-1.odb,charge,Increment      1: Step Time =   2.2200E-16,"BEAM-1",381,1.75,10.,0.,NA,NA,"",87.5049227E-06,-87.4996040E-06,-964.907485E-09
/prb1_bonus/Job-1.odb,charge,Increment      1: Step Time =   2.2200E-16,"BEAM-1",382,1.75999999,10.,0.,NA,NA,"",88.0044900E-06,-87.9996005E-06,-927.291183E-09
/prb1_bonus/Job-1.odb,charge,Increment      1: Step Time =   2.2200E-16,"BEAM-1",383,1.76999998,10.,0.,NA,NA,"",88.5040645E-06,-88.4995970E-06,-889.554883E-09
/prb1_bonus/Job-1.odb,charge,Increment      1: Step Time =   2.2200E-16,"BEAM-1",384,1.77999997,10.,0.,NA,NA,"",89.0036681E-06,-88.9995936E-06,-851.703646E-09
/prb1_bonus/Job-1.odb,charge,Increment      1: Step Time =   2.2200E-16,"BEAM-1",385,1.78999996,10.,0.,NA,NA,"",89.5032936E-06,-89.4995901E-06,-813.742361E-09
/prb1_bonus/Job-1.odb,charge,Increment      1: Step Time =   2.2200E-16,"BEAM-1",386,1.79999995,10.,0.,NA,NA,"",90.0029263E-06,-89.9995866E-06,-775.676085E-09
/prb1_bonus/Job-1.odb,charge,Increment      1: Step Time =   2.2200E-16,"BEAM-1",387,1.80999994,10.,0.,NA,NA,"",90.5025881E-06,-90.4995832E-06,-737.509822E-09
/prb1_bonus/Job-1.odb,charge,Increment      1: Step Time =   2.2200E-16,"BEAM-1",388,1.82000005,10.,0.,NA,NA,"",91.0022718E-06,-90.9995870E-06,-699.248119E-09
/prb1_bonus/Job-1.odb,charge,Increment      1: Step Time =   2.2200E-16,"BEAM-1",389,1.83000004,10.,0.,NA,NA,"",91.5019700E-06,-91.4995835E-06,-660.896831E-09
/prb1_bonus/Job-1.odb,charge,Increment      1: Step Time =   2.2200E-16,"BEAM-1",390,1.84000003,10.,0.,NA,NA,"",92.0016901E-06,-91.9995873E-06,-622.460561E-09
/prb1_bonus/Job-1.odb,charge,Increment      1: Step Time =   2.2200E-16,"BEAM-1",391,1.85000002,10.,0.,NA,NA,"",92.5014247E-06,-92.4995838E-06,-583.944313E-09
/prb1_bonus/Job-1.odb,charge,Increment      1: Step Time =   2.2200E-16,"BEAM-1",392,1.86000001,10.,0.,NA,NA,"",93.0011811E-06,-92.9995804E-06,-545.353089E-09
/prb1_bonus/Job-1.odb,charge,Increment      1: Step Time =   2.2200E-16,"BEAM-1",393,1.87000000,10.,0.,NA,NA,"",93.5009448E-06,-93.4995769E-06,-506.691777E-09
/prb1_bonus/Job-1.odb,charge,Increment      1: Step Time =   2.2200E-16,"BEAM-1",394,1.88000000,10.,0.,NA,NA,"",94.0007376E-06,-93.9995734E-06,-467.965521E-09
/prb1_bonus/Job-1.odb,charge,Increment      1: Step Time =   2.2200E-16,"BEAM-1",395,1.88999999,10.,0.,NA,NA,"",94.5005449E-06,-94.4995700E-06,-429.179238E-09
/prb1_bonus/Job-1.odb,charge,Increment      1: Step Time =   2.2200E-16,"BEAM-1",396,1.89999998,10.,0.,NA,NA,"",95.0003741E-06,-94.9995665E-06,-390.337988E-09
/prb1_bonus/Job-1.odb,charge,Increment      1: Step Time =   2.2200E-16,"BEAM-1",397,1.90999997,10.,0.,NA,NA,"",95.5002106E-06,-95.4995630E-06,-351.446744E-09
/prb1_bonus/Job-1.odb,charge,Increment      1: Step Time =   2.2200E-16,"BEAM-1",398,1.91999996,10.,0.,NA,NA,"",96.0000689E-06,-95.9995596E-06,-312.510480E-09
/prb1_bonus/Job-1.odb,charge,Increment      1: Step Time =   2.2200E-16,"BEAM-1",399,1.92999995,10.,0.,NA,NA,"",96.4999417E-06,-96.4995561E-06,-273.534226E-09
/prb1_bonus/Job-1.odb,charge,Increment      1: Step Time =   2.2200E-16,"BEAM-1",400,1.94000006,10.,0.,NA,NA,"",96.9998437E-06,-96.9995599E-06,-234.522517E-09
/prb1_bonus/Job-1.odb,charge,Increment      1: Step Time =   2.2200E-16,"BEAM-1",401,1.95000005,10.,0.,NA,NA,"",97.4997602E-06,-97.4995637E-06,-195.481263E-09
/prb1_bonus/Job-1.odb,charge,Increment      1: Step Time =   2.2200E-16,"BEAM-1",402,1.96000004,10.,0.,NA,NA,"",97.9996912E-06,-97.9995602E-06,-156.415012E-09
/prb1_bonus/Job-1.odb,charge,Increment      1: Step Time =   2.2200E-16,"BEAM-1",403,1.97000003,10.,0.,NA,NA,"",98.4996223E-06,-98.4995568E-06,-117.328753E-09
/prb1_bonus/Job-1.odb,charge,Increment      1: Step Time =   2.2200E-16,"BEAM-1",404,1.98000002,10.,0.,NA,NA,"",98.9995824E-06,-98.9995533E-06,-78.2275009E-09
/prb1_bonus/Job-1.odb,charge,Increment      1: Step Time =   2.2200E-16,"BEAM-1",405,1.99000001,10.,0.,NA,NA,"",99.4995571E-06,-99.4995498E-06,-39.1162516E-09
/prb1_bonus/Job-1.odb,charge,Increment      1: Step Time =   2.2200E-16,"BEAM-1",406,1.,-10.,0.,NA,NA,"",25.0001699E-03,-49.9997732E-06,-25.0001196E-03
/prb1_bonus/Job-1.odb,charge,Increment      1: Step Time =   2.2200E-16,"BEAM-1",407,2.,-10.,0.,NA,NA,"",49.9953404E-03,-99.9995464E-06,-49.9952398E-03
/prb1_bonus/Job-1.odb,charge,Increment      1: Step Time =   2.2200E-16,"BEAM-1",408,3.,-10.,0.,NA,NA,"",74.9805048E-03,-149.999323E-06,-74.9803558E-03
/prb1_bonus/Job-1.odb,charge,Increment      1: Step Time =   2.2200E-16,"BEAM-1",409,4.,-10.,0.,NA,NA,"",99.9506786E-03,-199.999093E-06,-99.9504775E-03
/prb1_bonus/Job-1.odb,charge,Increment      1: Step Time =   2.2200E-16,"BEAM-1",410,5.,-10.,0.,NA,NA,"",124.900855E-03,-249.998877E-06,-124.900602E-03
/prb1_bonus/Job-1.odb,charge,Increment      1: Step Time =   2.2200E-16,"BEAM-1",411,6.,-10.,0.,NA,NA,"",149.826020E-03,-299.998646E-06,-149.825722E-03
/prb1_bonus/Job-1.odb,charge,Increment      1: Step Time =   2.2200E-16,"BEAM-1",412,7.,-10.,0.,NA,NA,"",174.721196E-03,-349.998416E-06,-174.720839E-03
/prb1_bonus/Job-1.odb,charge,Increment      1: Step Time =   2.2200E-16,"BEAM-1",413,8.,-10.,0.,NA,NA,"",199.581370E-03,-399.998185E-06,-199.580967E-03
/prb1_bonus/Job-1.odb,charge,Increment      1: Step Time =   2.2200E-16,"BEAM-1",414,9.,-10.,0.,NA,NA,"",224.401534E-03,-449.997955E-06,-224.401087E-03
/prb1_bonus/Job-1.odb,charge,Increment      1: Step Time =   2.2200E-16,"BEAM-1",415,10.,-10.,0.,NA,NA,"",249.176711E-03,-499.997754E-06,-249.176204E-03
/prb1_bonus/Job-1.odb,charge,Increment      1: Step Time =   2.2200E-16,"BEAM-1",416,11.,-10.,0.,NA,NA,"",273.901910E-03,-549.997494E-06,-273.901343E-03
/prb1_bonus/Job-1.odb,charge,Increment      1: Step Time =   2.2200E-16,"BEAM-1",417,12.,-10.,0.,NA,NA,"",298.572063E-03,-599.997293E-06,-298.571467E-03
/prb1_bonus/Job-1.odb,charge,Increment      1: Step Time =   2.2200E-16,"BEAM-1",418,13.,-10.,0.,NA,NA,"",323.182225E-03,-649.997033E-06,-323.181570E-03
/prb1_bonus/Job-1.odb,charge,Increment      1: Step Time =   2.2200E-16,"BEAM-1",419,14.,-10.,0.,NA,NA,"",347.727418E-03,-699.996832E-06,-347.726703E-03
/prb1_bonus/Job-1.odb,charge,Increment      1: Step Time =   2.2200E-16,"BEAM-1",420,15.,-10.,0.,NA,NA,"",372.202605E-03,-749.996572E-06,-372.201830E-03
/prb1_bonus/Job-1.odb,charge,Increment      1: Step Time =   2.2200E-16,"BEAM-1",421,16.,-10.,0.,NA,NA,"",396.602750E-03,-799.996371E-06,-396.601945E-03
/prb1_bonus/Job-1.odb,charge,Increment      1: Step Time =   2.2200E-16,"BEAM-1",422,17.,-10.,0.,NA,NA,"",420.922905E-03,-849.996170E-06,-420.922071E-03
/prb1_bonus/Job-1.odb,charge,Increment      1: Step Time =   2.2200E-16,"BEAM-1",423,18.,-10.,0.,NA,NA,"",445.158124E-03,-899.995910E-06,-445.157230E-03
/prb1_bonus/Job-1.odb,charge,Increment      1: Step Time =   2.2200E-16,"BEAM-1",424,19.,-10.,0.,NA,NA,"",469.303340E-03,-949.995709E-06,-469.302356E-03
/prb1_bonus/Job-1.odb,charge,Increment      1: Step Time =   2.2200E-16,"BEAM-1",425,20.,-10.,0.,NA,NA,"",493.353486E-03,-999.995507E-06,-493.352473E-03
/prb1_bonus/Job-1.odb,charge,Increment      1: Step Time =   2.2200E-16,"BEAM-1",426,21.,-10.,0.,NA,NA,"",517.303705E-03,-1.04999519E-03,-517.302632E-03
/prb1_bonus/Job-1.odb,charge,Increment      1: Step Time =   2.2200E-16,"BEAM-1",427,22.,-10.,0.,NA,NA,"",541.148901E-03,-1.09999499E-03,-541.147768E-03
/prb1_bonus/Job-1.odb,charge,Increment      1: Step Time =   2.2200E-16,"BEAM-1",428,23.,-10.,0.,NA,NA,"",564.884007E-03,-1.14999479E-03,-564.882874E-03
/prb1_bonus/Job-1.odb,charge,Increment      1: Step Time =   2.2200E-16,"BEAM-1",429,24.,-10.,0.,NA,NA,"",588.504255E-03,-1.19999459E-03,-588.503003E-03
/prb1_bonus/Job-1.odb,charge,Increment      1: Step Time =   2.2200E-16,"BEAM-1",430,25.,-10.,0.,NA,NA,"",612.004399E-03,-1.24999438E-03,-612.003148E-03
/prb1_bonus/Job-1.odb,charge,Increment      1: Step Time =   2.2200E-16,"BEAM-1",431,26.,-10.,0.,NA,NA,"",635.379672E-03,-1.29999407E-03,-635.378301E-03
/prb1_bonus/Job-1.odb,charge,Increment      1: Step Time =   2.2200E-16,"BEAM-1",432,27.,-10.,0.,NA,NA,"",658.624828E-03,-1.34999387E-03,-658.623457E-03
/prb1_bonus/Job-1.odb,charge,Increment      1: Step Time =   2.2200E-16,"BEAM-1",433,28.,-10.,0.,NA,NA,"",681.735039E-03,-1.39999366E-03,-681.733608E-03
/prb1_bonus/Job-1.odb,charge,Increment      1: Step Time =   2.2200E-16,"BEAM-1",434,29.,-10.,0.,NA,NA,"",704.705238E-03,-1.44999346E-03,-704.703748E-03
/prb1_bonus/Job-1.odb,charge,Increment      1: Step Time =   2.2200E-16,"BEAM-1",435,30.,-10.,0.,NA,NA,"",727.530420E-03,-1.49999314E-03,-727.528870E-03
/prb1_bonus/Job-1.odb,charge,Increment      1: Step Time =   2.2200E-16,"BEAM-1",436,31.,-10.,0.,NA,NA,"",750.205636E-03,-1.54999294E-03,-750.204027E-03
/prb1_bonus/Job-1.odb,charge,Increment      1: Step Time =   2.2200E-16,"BEAM-1",437,32.,-10.,0.,NA,NA,"",772.725880E-03,-1.59999274E-03,-772.724211E-03
/prb1_bonus/Job-1.odb,charge,Increment      1: Step Time =   2.2200E-16,"BEAM-1",438,33.,-10.,0.,NA,NA,"",795.086086E-03,-1.64999254E-03,-795.084357E-03
/prb1_bonus/Job-1.odb,charge,Increment      1: Step Time =   2.2200E-16,"BEAM-1",439,34.,-10.,0.,NA,NA,"",817.281246E-03,-1.69999234E-03,-817.279518E-03
/prb1_bonus/Job-1.odb,charge,Increment      1: Step Time =   2.2200E-16,"BEAM-1",440,35.,-10.,0.,NA,NA,"",839.306533E-03,-1.74999202E-03,-839.304686E-03
/prb1_bonus/Job-1.odb,charge,Increment      1: Step Time =   2.2200E-16,"BEAM-1",441,36.,-10.,0.,NA,NA,"",861.156642E-03,-1.79999182E-03,-861.154795E-03
/prb1_bonus/Job-1.odb,charge,Increment      1: Step Time =   2.2200E-16,"BEAM-1",442,37.,-10.,0.,NA,NA,"",882.826865E-03,-1.84999162E-03,-882.824957E-03
/prb1_bonus/Job-1.odb,charge,Increment      1: Step Time =   2.2200E-16,"BEAM-1",443,38.,-10.,0.,NA,NA,"",904.312193E-03,-1.89999142E-03,-904.310167E-03
/prb1_bonus/Job-1.odb,charge,Increment      1: Step Time =   2.2200E-16,"BEAM-1",444,39.,-10.,0.,NA,NA,"",925.607383E-03,-1.94999110E-03,-925.605297E-03
/prb1_bonus/Job-1.odb,charge,Increment      1: Step Time =   2.2200E-16,"BEAM-1",445,40.,-10.,0.,NA,NA,"",946.707606E-03,-1.99999101E-03,-946.705520E-03
/prb1_bonus/Job-1.odb,charge,Increment      1: Step Time =   2.2200E-16,"BEAM-1",446,41.,-10.,0.,NA,NA,"",967.607856E-03,-2.04999070E-03,-967.605650E-03
/prb1_bonus/Job-1.odb,charge,Increment      1: Step Time =   2.2200E-16,"BEAM-1",447,42.,-10.,0.,NA,NA,"",988.303065E-03,-2.09999038E-03,-988.300860E-03
/prb1_bonus/Job-1.odb,charge,Increment      1: Step Time =   2.2200E-16,"BEAM-1",448,43.,-10.,0.,NA,NA,"",1.00878847,-2.14999029E-03,-1.00878608
/prb1_bonus/Job-1.odb,charge,Increment      1: Step Time =   2.2200E-16,"BEAM-1",449,44.,-10.,0.,NA,NA,"",1.02905858,-2.19998998E-03,-1.02905619
/prb1_bonus/Job-1.odb,charge,Increment      1: Step Time =   2.2200E-16,"BEAM-1",450,45.,-10.,0.,NA,NA,"",1.04910874,-2.24998989E-03,-1.04910636
/prb1_bonus/Job-1.odb,charge,Increment      1: Step Time =   2.2200E-16,"BEAM-1",451,46.,-10.,0.,NA,NA,"",1.06893408,-2.29998957E-03,-1.06893158
/prb1_bonus/Job-1.odb,charge,Increment      1: Step Time =   2.2200E-16,"BEAM-1",452,47.,-10.,0.,NA,NA,"",1.08852923,-2.34998926E-03,-1.08852673
/prb1_bonus/Job-1.odb,charge,Increment      1: Step Time =   2.2200E-16,"BEAM-1",453,48.,-10.,0.,NA,NA,"",1.10788965,-2.39998917E-03,-1.10788703
/prb1_bonus/Job-1.odb,charge,Increment      1: Step Time =   2.2200E-16,"BEAM-1",454,49.,-10.,0.,NA,NA,"",1.12700975,-2.44998885E-03,-1.12700713
/prb1_bonus/Job-1.odb,charge,Increment      1: Step Time =   2.2200E-16,"BEAM-1",455,50.,-10.,0.,NA,NA,"",1.14588511,-2.49998877E-03,-1.14588237
/prb1_bonus/Job-1.odb,charge,Increment      1: Step Time =   2.2200E-16,"BEAM-1",456,51.,-10.,0.,NA,NA,"",1.16451049,-2.54998845E-03,-1.16450763
/prb1_bonus/Job-1.odb,charge,Increment      1: Step Time =   2.2200E-16,"BEAM-1",457,52.,-10.,0.,NA,NA,"",1.18288064,-2.59998813E-03,-1.18287778
/prb1_bonus/Job-1.odb,charge,Increment      1: Step Time =   2.2200E-16,"BEAM-1",458,53.,-10.,0.,NA,NA,"",1.20099103,-2.64998805E-03,-1.20098805
/prb1_bonus/Job-1.odb,charge,Increment      1: Step Time =   2.2200E-16,"BEAM-1",459,54.,-10.,0.,NA,NA,"",1.21883619,-2.69998773E-03,-1.21883321
/prb1_bonus/Job-1.odb,charge,Increment      1: Step Time =   2.2200E-16,"BEAM-1",460,55.,-10.,0.,NA,NA,"",1.23641157,-2.74998741E-03,-1.23640847
/prb1_bonus/Job-1.odb,charge,Increment      1: Step Time =   2.2200E-16,"BEAM-1",461,56.,-10.,0.,NA,NA,"",1.25371170,-2.79998733E-03,-1.25370860
/prb1_bonus/Job-1.odb,charge,Increment      1: Step Time =   2.2200E-16,"BEAM-1",462,57.,-10.,0.,NA,NA,"",1.27073205,-2.84998701E-03,-1.27072883
/prb1_bonus/Job-1.odb,charge,Increment      1: Step Time =   2.2200E-16,"BEAM-1",463,58.,-10.,0.,NA,NA,"",1.28746748,-2.89998692E-03,-1.28746414
/prb1_bonus/Job-1.odb,charge,Increment      1: Step Time =   2.2200E-16,"BEAM-1",464,59.,-10.,0.,NA,NA,"",1.30391264,-2.94998661E-03,-1.30390930
/prb1_bonus/Job-1.odb,charge,Increment      1: Step Time =   2.2200E-16,"BEAM-1",465,60.,-10.,0.,NA,NA,"",1.32006288,-2.99998629E-03,-1.32005954
/prb1_bonus/Job-1.odb,charge,Increment      1: Step Time =   2.2200E-16,"BEAM-1",466,61.,-10.,0.,NA,NA,"",1.33591330,-3.04998620E-03,-1.33590984
/prb1_bonus/Job-1.odb,charge,Increment      1: Step Time =   2.2200E-16,"BEAM-1",467,62.,-10.,0.,NA,NA,"",1.35145867,-3.09998589E-03,-1.35145509
/prb1_bonus/Job-1.odb,charge,Increment      1: Step Time =   2.2200E-16,"BEAM-1",468,63.,-10.,0.,NA,NA,"",1.36669385,-3.14998580E-03,-1.36669028
/prb1_bonus/Job-1.odb,charge,Increment      1: Step Time =   2.2200E-16,"BEAM-1",469,64.,-10.,0.,NA,NA,"",1.38161433,-3.19998548E-03,-1.38161063
/prb1_bonus/Job-1.odb,charge,Increment      1: Step Time =   2.2200E-16,"BEAM-1",470,65.,-10.,0.,NA,NA,"",1.39621460,-3.24998517E-03,-1.39621079
/prb1_bonus/Job-1.odb,charge,Increment      1: Step Time =   2.2200E-16,"BEAM-1",471,66.,-10.,0.,NA,NA,"",1.41048992,-3.29998508E-03,-1.41048610
/prb1_bonus/Job-1.odb,charge,Increment      1: Step Time =   2.2200E-16,"BEAM-1",472,67.,-10.,0.,NA,NA,"",1.42443526,-3.34998476E-03,-1.42443132
/prb1_bonus/Job-1.odb,charge,Increment      1: Step Time =   2.2200E-16,"BEAM-1",473,68.,-10.,0.,NA,NA,"",1.43804562,-3.39998468E-03,-1.43804169
/prb1_bonus/Job-1.odb,charge,Increment      1: Step Time =   2.2200E-16,"BEAM-1",474,69.,-10.,0.,NA,NA,"",1.45131600,-3.44998436E-03,-1.45131195
/prb1_bonus/Job-1.odb,charge,Increment      1: Step Time =   2.2200E-16,"BEAM-1",475,70.,-10.,0.,NA,NA,"",1.46424139,-3.49998404E-03,-1.46423721
/prb1_bonus/Job-1.odb,charge,Increment      1: Step Time =   2.2200E-16,"BEAM-1",476,71.,-10.,0.,NA,NA,"",1.47681677,-3.54998396E-03,-1.47681248
/prb1_bonus/Job-1.odb,charge,Increment      1: Step Time =   2.2200E-16,"BEAM-1",477,72.,-10.,0.,NA,NA,"",1.48903704,-3.59998364E-03,-1.48903275
/prb1_bonus/Job-1.odb,charge,Increment      1: Step Time =   2.2200E-16,"BEAM-1",478,73.,-10.,0.,NA,NA,"",1.50089753,-3.64998356E-03,-1.50089312
/prb1_bonus/Job-1.odb,charge,Increment      1: Step Time =   2.2200E-16,"BEAM-1",479,74.,-10.,0.,NA,NA,"",1.51239288,-3.69998324E-03,-1.51238835
/prb1_bonus/Job-1.odb,charge,Increment      1: Step Time =   2.2200E-16,"BEAM-1",480,75.,-10.,0.,NA,NA,"",1.52351832,-3.74998292E-03,-1.52351367
/prb1_bonus/Job-1.odb,charge,Increment      1: Step Time =   2.2200E-16,"BEAM-1",481,76.,-10.,0.,NA,NA,"",1.53426874,-3.79998283E-03,-1.53426397
/prb1_bonus/Job-1.odb,charge,Increment      1: Step Time =   2.2200E-16,"BEAM-1",482,77.,-10.,0.,NA,NA,"",1.54463911,-3.84998252E-03,-1.54463434
/prb1_bonus/Job-1.odb,charge,Increment      1: Step Time =   2.2200E-16,"BEAM-1",483,78.,-10.,0.,NA,NA,"",1.55462456,-3.89998220E-03,-1.55461967
/prb1_bonus/Job-1.odb,charge,Increment      1: Step Time =   2.2200E-16,"BEAM-1",484,79.,-10.,0.,NA,NA,"",1.56421983,-3.94998211E-03,-1.56421494
/prb1_bonus/Job-1.odb,charge,Increment      1: Step Time =   2.2200E-16,"BEAM-1",485,80.,-10.,0.,NA,NA,"",1.57342029,-3.99998203E-03,-1.57341528
/prb1_bonus/Job-1.odb,charge,Increment      1: Step Time =   2.2200E-16,"BEAM-1",486,81.,-10.,0.,NA,NA,"",1.58222091,-4.04998148E-03,-1.58221567
/prb1_bonus/Job-1.odb,charge,Increment      1: Step Time =   2.2200E-16,"BEAM-1",487,82.,-10.,0.,NA,NA,"",1.59061635,-4.09998139E-03,-1.59061098
/prb1_bonus/Job-1.odb,charge,Increment      1: Step Time =   2.2200E-16,"BEAM-1",488,83.,-10.,0.,NA,NA,"",1.59860170,-4.14998131E-03,-1.59859633
/prb1_bonus/Job-1.odb,charge,Increment      1: Step Time =   2.2200E-16,"BEAM-1",489,84.,-10.,0.,NA,NA,"",1.60617220,-4.19998076E-03,-1.60616672
/prb1_bonus/Job-1.odb,charge,Increment      1: Step Time =   2.2200E-16,"BEAM-1",490,85.,-10.,0.,NA,NA,"",1.61332262,-4.24998067E-03,-1.61331701
/prb1_bonus/Job-1.odb,charge,Increment      1: Step Time =   2.2200E-16,"BEAM-1",491,86.,-10.,0.,NA,NA,"",1.62004817,-4.29998059E-03,-1.62004244
/prb1_bonus/Job-1.odb,charge,Increment      1: Step Time =   2.2200E-16,"BEAM-1",492,87.,-10.,0.,NA,NA,"",1.62634349,-4.34998004E-03,-1.62633777
/prb1_bonus/Job-1.odb,charge,Increment      1: Step Time =   2.2200E-16,"BEAM-1",493,88.,-10.,0.,NA,NA,"",1.63220406,-4.39997995E-03,-1.63219810
/prb1_bonus/Job-1.odb,charge,Increment      1: Step Time =   2.2200E-16,"BEAM-1",494,89.,-10.,0.,NA,NA,"",1.63762450,-4.44997987E-03,-1.63761854
/prb1_bonus/Job-1.odb,charge,Increment      1: Step Time =   2.2200E-16,"BEAM-1",495,90.,-10.,0.,NA,NA,"",1.64260006,-4.49997978E-03,-1.64259398
/prb1_bonus/Job-1.odb,charge,Increment      1: Step Time =   2.2200E-16,"BEAM-1",496,91.,-10.,0.,NA,NA,"",1.64712560,-4.54997923E-03,-1.64711928
/prb1_bonus/Job-1.odb,charge,Increment      1: Step Time =   2.2200E-16,"BEAM-1",497,92.,-10.,0.,NA,NA,"",1.65119612,-4.59997915E-03,-1.65118968
/prb1_bonus/Job-1.odb,charge,Increment      1: Step Time =   2.2200E-16,"BEAM-1",498,93.,-10.,0.,NA,NA,"",1.65480673,-4.64997906E-03,-1.65480018
/prb1_bonus/Job-1.odb,charge,Increment      1: Step Time =   2.2200E-16,"BEAM-1",499,94.,-10.,0.,NA,NA,"",1.65795219,-4.69997851E-03,-1.65794551
/prb1_bonus/Job-1.odb,charge,Increment      1: Step Time =   2.2200E-16,"BEAM-1",500,95.,-10.,0.,NA,NA,"",1.66062772,-4.74997843E-03,-1.66062093
/prb1_bonus/Job-1.odb,charge,Increment      1: Step Time =   2.2200E-16,"BEAM-1",501,96.,-10.,0.,NA,NA,"",1.66282833,-4.79997834E-03,-1.66282141
/prb1_bonus/Job-1.odb,charge,Increment      1: Step Time =   2.2200E-16,"BEAM-1",502,97.,-10.,0.,NA,NA,"",1.66454887,-4.84997779E-03,-1.66454184
/prb1_bonus/Job-1.odb,charge,Increment      1: Step Time =   2.2200E-16,"BEAM-1",503,98.,-10.,0.,NA,NA,"",1.66578448,-4.89997771E-03,-1.66577721
/prb1_bonus/Job-1.odb,charge,Increment      1: Step Time =   2.2200E-16,"BEAM-1",504,99.,-10.,0.,NA,NA,"",1.66653013,-4.94997762E-03,-1.66652274
/prb1_bonus/Job-1.odb,charge,Increment      1: Step Time =   2.2200E-16,"BEAM-1",505,101.,-10.,0.,NA,NA,"",1.66653037,-5.04997699E-03,-1.66652274
/prb1_bonus/Job-1.odb,charge,Increment      1: Step Time =   2.2200E-16,"BEAM-1",506,102.,-10.,0.,NA,NA,"",1.66578496,-5.09997690E-03,-1.66577721
/prb1_bonus/Job-1.odb,charge,Increment      1: Step Time =   2.2200E-16,"BEAM-1",507,103.,-10.,0.,NA,NA,"",1.66454983,-5.14997682E-03,-1.66454184
/prb1_bonus/Job-1.odb,charge,Increment      1: Step Time =   2.2200E-16,"BEAM-1",508,104.,-10.,0.,NA,NA,"",1.66282952,-5.19997627E-03,-1.66282141
/prb1_bonus/Job-1.odb,charge,Increment      1: Step Time =   2.2200E-16,"BEAM-1",509,105.,-10.,0.,NA,NA,"",1.66062927,-5.24997618E-03,-1.66062093
/prb1_bonus/Job-1.odb,charge,Increment      1: Step Time =   2.2200E-16,"BEAM-1",510,106.,-10.,0.,NA,NA,"",1.65795398,-5.29997610E-03,-1.65794551
/prb1_bonus/Job-1.odb,charge,Increment      1: Step Time =   2.2200E-16,"BEAM-1",511,107.,-10.,0.,NA,NA,"",1.65480888,-5.34997554E-03,-1.65480018
/prb1_bonus/Job-1.odb,charge,Increment      1: Step Time =   2.2200E-16,"BEAM-1",512,108.,-10.,0.,NA,NA,"",1.65119851,-5.39997546E-03,-1.65118968
/prb1_bonus/Job-1.odb,charge,Increment      1: Step Time =   2.2200E-16,"BEAM-1",513,109.,-10.,0.,NA,NA,"",1.64712834,-5.44997538E-03,-1.64711928
/prb1_bonus/Job-1.odb,charge,Increment      1: Step Time =   2.2200E-16,"BEAM-1",514,110.,-10.,0.,NA,NA,"",1.64260316,-5.49997482E-03,-1.64259398
/prb1_bonus/Job-1.odb,charge,Increment      1: Step Time =   2.2200E-16,"BEAM-1",515,111.,-10.,0.,NA,NA,"",1.63762796,-5.54997474E-03,-1.63761854
/prb1_bonus/Job-1.odb,charge,Increment      1: Step Time =   2.2200E-16,"BEAM-1",516,112.,-10.,0.,NA,NA,"",1.63220775,-5.59997465E-03,-1.63219810
/prb1_bonus/Job-1.odb,charge,Increment      1: Step Time =   2.2200E-16,"BEAM-1",517,113.,-10.,0.,NA,NA,"",1.62634754,-5.64997457E-03,-1.62633777
/prb1_bonus/Job-1.odb,charge,Increment      1: Step Time =   2.2200E-16,"BEAM-1",518,114.,-10.,0.,NA,NA,"",1.62005246,-5.69997402E-03,-1.62004244
/prb1_bonus/Job-1.odb,charge,Increment      1: Step Time =   2.2200E-16,"BEAM-1",519,115.,-10.,0.,NA,NA,"",1.61332726,-5.74997393E-03,-1.61331701
/prb1_bonus/Job-1.odb,charge,Increment      1: Step Time =   2.2200E-16,"BEAM-1",520,116.,-10.,0.,NA,NA,"",1.60617721,-5.79997385E-03,-1.60616672
/prb1_bonus/Job-1.odb,charge,Increment      1: Step Time =   2.2200E-16,"BEAM-1",521,117.,-10.,0.,NA,NA,"",1.59860706,-5.84997330E-03,-1.59859633
/prb1_bonus/Job-1.odb,charge,Increment      1: Step Time =   2.2200E-16,"BEAM-1",522,118.,-10.,0.,NA,NA,"",1.59062195,-5.89997321E-03,-1.59061098
/prb1_bonus/Job-1.odb,charge,Increment      1: Step Time =   2.2200E-16,"BEAM-1",523,119.,-10.,0.,NA,NA,"",1.58222687,-5.94997313E-03,-1.58221567
/prb1_bonus/Job-1.odb,charge,Increment      1: Step Time =   2.2200E-16,"BEAM-1",524,120.,-10.,0.,NA,NA,"",1.57342672,-5.99997258E-03,-1.57341528
/prb1_bonus/Job-1.odb,charge,Increment      1: Step Time =   2.2200E-16,"BEAM-1",525,121.,-10.,0.,NA,NA,"",1.56422663,-6.04997249E-03,-1.56421494
/prb1_bonus/Job-1.odb,charge,Increment      1: Step Time =   2.2200E-16,"BEAM-1",526,122.,-10.,0.,NA,NA,"",1.55463159,-6.09997241E-03,-1.55461967
/prb1_bonus/Job-1.odb,charge,Increment      1: Step Time =   2.2200E-16,"BEAM-1",527,123.,-10.,0.,NA,NA,"",1.54464662,-6.14997232E-03,-1.54463434
/prb1_bonus/Job-1.odb,charge,Increment      1: Step Time =   2.2200E-16,"BEAM-1",528,124.,-10.,0.,NA,NA,"",1.53427649,-6.19997177E-03,-1.53426397
/prb1_bonus/Job-1.odb,charge,Increment      1: Step Time =   2.2200E-16,"BEAM-1",529,125.,-10.,0.,NA,NA,"",1.52352655,-6.24997169E-03,-1.52351367
/prb1_bonus/Job-1.odb,charge,Increment      1: Step Time =   2.2200E-16,"BEAM-1",530,126.,-10.,0.,NA,NA,"",1.51240146,-6.29997160E-03,-1.51238835
/prb1_bonus/Job-1.odb,charge,Increment      1: Step Time =   2.2200E-16,"BEAM-1",531,127.,-10.,0.,NA,NA,"",1.50090647,-6.34997105E-03,-1.50089312
/prb1_bonus/Job-1.odb,charge,Increment      1: Step Time =   2.2200E-16,"BEAM-1",532,128.,-10.,0.,NA,NA,"",1.48904645,-6.39997097E-03,-1.48903275
/prb1_bonus/Job-1.odb,charge,Increment      1: Step Time =   2.2200E-16,"BEAM-1",533,129.,-10.,0.,NA,NA,"",1.47682655,-6.44997088E-03,-1.47681248
/prb1_bonus/Job-1.odb,charge,Increment      1: Step Time =   2.2200E-16,"BEAM-1",534,130.,-10.,0.,NA,NA,"",1.46425164,-6.49997033E-03,-1.46423721
/prb1_bonus/Job-1.odb,charge,Increment      1: Step Time =   2.2200E-16,"BEAM-1",535,131.,-10.,0.,NA,NA,"",1.45132673,-6.54997025E-03,-1.45131195
/prb1_bonus/Job-1.odb,charge,Increment      1: Step Time =   2.2200E-16,"BEAM-1",536,132.,-10.,0.,NA,NA,"",1.43805683,-6.59997016E-03,-1.43804169
/prb1_bonus/Job-1.odb,charge,Increment      1: Step Time =   2.2200E-16,"BEAM-1",537,133.,-10.,0.,NA,NA,"",1.42444682,-6.64996961E-03,-1.42443132
/prb1_bonus/Job-1.odb,charge,Increment      1: Step Time =   2.2200E-16,"BEAM-1",538,134.,-10.,0.,NA,NA,"",1.41050208,-6.69996953E-03,-1.41048610
/prb1_bonus/Job-1.odb,charge,Increment      1: Step Time =   2.2200E-16,"BEAM-1",539,135.,-10.,0.,NA,NA,"",1.39622712,-6.74996944E-03,-1.39621079
/prb1_bonus/Job-1.odb,charge,Increment      1: Step Time =   2.2200E-16,"BEAM-1",540,136.,-10.,0.,NA,NA,"",1.38162732,-6.79996936E-03,-1.38161063
/prb1_bonus/Job-1.odb,charge,Increment      1: Step Time =   2.2200E-16,"BEAM-1",541,137.,-10.,0.,NA,NA,"",1.36670744,-6.84996881E-03,-1.36669028
/prb1_bonus/Job-1.odb,charge,Increment      1: Step Time =   2.2200E-16,"BEAM-1",542,138.,-10.,0.,NA,NA,"",1.35147274,-6.89996872E-03,-1.35145509
/prb1_bonus/Job-1.odb,charge,Increment      1: Step Time =   2.2200E-16,"BEAM-1",543,139.,-10.,0.,NA,NA,"",1.33592796,-6.94996864E-03,-1.33590984
/prb1_bonus/Job-1.odb,charge,Increment      1: Step Time =   2.2200E-16,"BEAM-1",544,140.,-10.,0.,NA,NA,"",1.32007813,-6.99996809E-03,-1.32005954
/prb1_bonus/Job-1.odb,charge,Increment      1: Step Time =   2.2200E-16,"BEAM-1",545,141.,-10.,0.,NA,NA,"",1.30392838,-7.04996800E-03,-1.30390930
/prb1_bonus/Job-1.odb,charge,Increment      1: Step Time =   2.2200E-16,"BEAM-1",546,142.,-10.,0.,NA,NA,"",1.28748369,-7.09996792E-03,-1.28746414
/prb1_bonus/Job-1.odb,charge,Increment      1: Step Time =   2.2200E-16,"BEAM-1",547,143.,-10.,0.,NA,NA,"",1.27074897,-7.14996736E-03,-1.27072883
/prb1_bonus/Job-1.odb,charge,Increment      1: Step Time =   2.2200E-16,"BEAM-1",548,144.,-10.,0.,NA,NA,"",1.25372922,-7.19996728E-03,-1.25370860
/prb1_bonus/Job-1.odb,charge,Increment      1: Step Time =   2.2200E-16,"BEAM-1",549,145.,-10.,0.,NA,NA,"",1.23642969,-7.24996720E-03,-1.23640847
/prb1_bonus/Job-1.odb,charge,Increment      1: Step Time =   2.2200E-16,"BEAM-1",550,146.,-10.,0.,NA,NA,"",1.21885502,-7.29996711E-03,-1.21883321
/prb1_bonus/Job-1.odb,charge,Increment      1: Step Time =   2.2200E-16,"BEAM-1",551,147.,-10.,0.,NA,NA,"",1.20101058,-7.34996656E-03,-1.20098805
/prb1_bonus/Job-1.odb,charge,Increment      1: Step Time =   2.2200E-16,"BEAM-1",552,148.,-10.,0.,NA,NA,"",1.18290091,-7.39996647E-03,-1.18287778
/prb1_bonus/Job-1.odb,charge,Increment      1: Step Time =   2.2200E-16,"BEAM-1",553,149.,-10.,0.,NA,NA,"",1.16453147,-7.44996639E-03,-1.16450763
/prb1_bonus/Job-1.odb,charge,Increment      1: Step Time =   2.2200E-16,"BEAM-1",554,150.,-10.,0.,NA,NA,"",1.14590693,-7.49996584E-03,-1.14588237
/prb1_bonus/Job-1.odb,charge,Increment      1: Step Time =   2.2200E-16,"BEAM-1",555,151.,-10.,0.,NA,NA,"",1.12703240,-7.54996575E-03,-1.12700713
/prb1_bonus/Job-1.odb,charge,Increment      1: Step Time =   2.2200E-16,"BEAM-1",556,152.,-10.,0.,NA,NA,"",1.10791314,-7.59996567E-03,-1.10788703
/prb1_bonus/Job-1.odb,charge,Increment      1: Step Time =   2.2200E-16,"BEAM-1",557,153.,-10.,0.,NA,NA,"",1.08855355,-7.64996512E-03,-1.08852673
/prb1_bonus/Job-1.odb,charge,Increment      1: Step Time =   2.2200E-16,"BEAM-1",558,154.,-10.,0.,NA,NA,"",1.06895924,-7.69996503E-03,-1.06893158
/prb1_bonus/Job-1.odb,charge,Increment      1: Step Time =   2.2200E-16,"BEAM-1",559,155.,-10.,0.,NA,NA,"",1.04913497,-7.74996495E-03,-1.04910636
/prb1_bonus/Job-1.odb,charge,Increment      1: Step Time =   2.2200E-16,"BEAM-1",560,156.,-10.,0.,NA,NA,"",1.02908576,-7.79996440E-03,-1.02905619
/prb1_bonus/Job-1.odb,charge,Increment      1: Step Time =   2.2200E-16,"BEAM-1",561,157.,-10.,0.,NA,NA,"",1.00881660,-7.84996431E-03,-1.00878608
/prb1_bonus/Job-1.odb,charge,Increment      1: Step Time =   2.2200E-16,"BEAM-1",562,158.,-10.,0.,NA,NA,"",988.332450E-03,-7.89996423E-03,-988.300860E-03
/prb1_bonus/Job-1.odb,charge,Increment      1: Step Time =   2.2200E-16,"BEAM-1",563,159.,-10.,0.,NA,NA,"",967.638314E-03,-7.94996414E-03,-967.605650E-03
/prb1_bonus/Job-1.odb,charge,Increment      1: Step Time =   2.2200E-16,"BEAM-1",564,160.,-10.,0.,NA,NA,"",946.739316E-03,-7.99996406E-03,-946.705520E-03
/prb1_bonus/Job-1.odb,charge,Increment      1: Step Time =   2.2200E-16,"BEAM-1",565,161.,-10.,0.,NA,NA,"",925.640285E-03,-8.04996304E-03,-925.605297E-03
/prb1_bonus/Job-1.odb,charge,Increment      1: Step Time =   2.2200E-16,"BEAM-1",566,162.,-10.,0.,NA,NA,"",904.346466E-03,-8.09996296E-03,-904.310167E-03
/prb1_bonus/Job-1.odb,charge,Increment      1: Step Time =   2.2200E-16,"BEAM-1",567,163.,-10.,0.,NA,NA,"",882.862568E-03,-8.14996287E-03,-882.824957E-03
/prb1_bonus/Job-1.odb,charge,Increment      1: Step Time =   2.2200E-16,"BEAM-1",568,164.,-10.,0.,NA,NA,"",861.193836E-03,-8.19996279E-03,-861.154795E-03
/prb1_bonus/Job-1.odb,charge,Increment      1: Step Time =   2.2200E-16,"BEAM-1",569,165.,-10.,0.,NA,NA,"",839.345217E-03,-8.24996270E-03,-839.304686E-03
/prb1_bonus/Job-1.odb,charge,Increment      1: Step Time =   2.2200E-16,"BEAM-1",570,166.,-10.,0.,NA,NA,"",817.321658E-03,-8.29996262E-03,-817.279518E-03
/prb1_bonus/Job-1.odb,charge,Increment      1: Step Time =   2.2200E-16,"BEAM-1",571,167.,-10.,0.,NA,NA,"",795.128226E-03,-8.34996253E-03,-795.084357E-03
/prb1_bonus/Job-1.odb,charge,Increment      1: Step Time =   2.2200E-16,"BEAM-1",572,168.,-10.,0.,NA,NA,"",772.769868E-03,-8.39996152E-03,-772.724211E-03
/prb1_bonus/Job-1.odb,charge,Increment      1: Step Time =   2.2200E-16,"BEAM-1",573,169.,-10.,0.,NA,NA,"",750.251591E-03,-8.44996143E-03,-750.204027E-03
/prb1_bonus/Job-1.odb,charge,Increment      1: Step Time =   2.2200E-16,"BEAM-1",574,170.,-10.,0.,NA,NA,"",727.578521E-03,-8.49996135E-03,-727.528870E-03
/prb1_bonus/Job-1.odb,charge,Increment      1: Step Time =   2.2200E-16,"BEAM-1",575,171.,-10.,0.,NA,NA,"",704.755604E-03,-8.54996126E-03,-704.703748E-03
/prb1_bonus/Job-1.odb,charge,Increment      1: Step Time =   2.2200E-16,"BEAM-1",576,172.,-10.,0.,NA,NA,"",681.787848E-03,-8.59996118E-03,-681.733608E-03
/prb1_bonus/Job-1.odb,charge,Increment      1: Step Time =   2.2200E-16,"BEAM-1",577,173.,-10.,0.,NA,NA,"",658.680260E-03,-8.64996109E-03,-658.623457E-03
/prb1_bonus/Job-1.odb,charge,Increment      1: Step Time =   2.2200E-16,"BEAM-1",578,174.,-10.,0.,NA,NA,"",635.437906E-03,-8.69996008E-03,-635.378301E-03
/prb1_bonus/Job-1.odb,charge,Increment      1: Step Time =   2.2200E-16,"BEAM-1",579,175.,-10.,0.,NA,NA,"",612.065673E-03,-8.74995999E-03,-612.003148E-03
/prb1_bonus/Job-1.odb,charge,Increment      1: Step Time =   2.2200E-16,"BEAM-1",580,176.,-10.,0.,NA,NA,"",588.568807E-03,-8.79995991E-03,-588.503003E-03
/prb1_bonus/Job-1.odb,charge,Increment      1: Step Time =   2.2200E-16,"BEAM-1",581,177.,-10.,0.,NA,NA,"",564.952195E-03,-8.84995982E-03,-564.882874E-03
/prb1_bonus/Job-1.odb,charge,Increment      1: Step Time =   2.2200E-16,"BEAM-1",582,178.,-10.,0.,NA,NA,"",541.220963E-03,-8.89995974E-03,-541.147768E-03
/prb1_bonus/Job-1.odb,charge,Increment      1: Step Time =   2.2200E-16,"BEAM-1",583,179.,-10.,0.,NA,NA,"",517.380059E-03,-8.94995965E-03,-517.302632E-03
/prb1_bonus/Job-1.odb,charge,Increment      1: Step Time =   2.2200E-16,"BEAM-1",584,180.,-10.,0.,NA,NA,"",493.434578E-03,-8.99995957E-03,-493.352473E-03
/prb1_bonus/Job-1.odb,charge,Increment      1: Step Time =   2.2200E-16,"BEAM-1",585,181.,-10.,0.,NA,NA,"",469.389617E-03,-9.04995855E-03,-469.302356E-03
/prb1_bonus/Job-1.odb,charge,Increment      1: Step Time =   2.2200E-16,"BEAM-1",586,182.,-10.,0.,NA,NA,"",445.250213E-03,-9.09995846E-03,-445.157230E-03
/prb1_bonus/Job-1.odb,charge,Increment      1: Step Time =   2.2200E-16,"BEAM-1",587,183.,-10.,0.,NA,NA,"",421.021491E-03,-9.14995838E-03,-420.922071E-03
/prb1_bonus/Job-1.odb,charge,Increment      1: Step Time =   2.2200E-16,"BEAM-1",588,184.,-10.,0.,NA,NA,"",396.708637E-03,-9.19995829E-03,-396.601945E-03
/prb1_bonus/Job-1.odb,charge,Increment      1: Step Time =   2.2200E-16,"BEAM-1",589,185.,-10.,0.,NA,NA,"",372.316748E-03,-9.24995821E-03,-372.201830E-03
/prb1_bonus/Job-1.odb,charge,Increment      1: Step Time =   2.2200E-16,"BEAM-1",590,186.,-10.,0.,NA,NA,"",347.851038E-03,-9.29995812E-03,-347.726703E-03
/prb1_bonus/Job-1.odb,charge,Increment      1: Step Time =   2.2200E-16,"BEAM-1",591,187.,-10.,0.,NA,NA,"",323.316813E-03,-9.34995804E-03,-323.181570E-03
/prb1_bonus/Job-1.odb,charge,Increment      1: Step Time =   2.2200E-16,"BEAM-1",592,188.,-10.,0.,NA,NA,"",298.719406E-03,-9.39995702E-03,-298.571467E-03
/prb1_bonus/Job-1.odb,charge,Increment      1: Step Time =   2.2200E-16,"BEAM-1",593,189.,-10.,0.,NA,NA,"",274.064302E-03,-9.44995694E-03,-273.901343E-03
/prb1_bonus/Job-1.odb,charge,Increment      1: Step Time =   2.2200E-16,"BEAM-1",594,190.,-10.,0.,NA,NA,"",249.357238E-03,-9.49995685E-03,-249.176204E-03
/prb1_bonus/Job-1.odb,charge,Increment      1: Step Time =   2.2200E-16,"BEAM-1",595,191.,-10.,0.,NA,NA,"",224.604204E-03,-9.54995677E-03,-224.401087E-03
/prb1_bonus/Job-1.odb,charge,Increment      1: Step Time =   2.2200E-16,"BEAM-1",596,192.,-10.,0.,NA,NA,"",199.811712E-03,-9.59995668E-03,-199.580967E-03
/prb1_bonus/Job-1.odb,charge,Increment      1: Step Time =   2.2200E-16,"BEAM-1",597,193.,-10.,0.,NA,NA,"",174.987122E-03,-9.64995660E-03,-174.720839E-03
/prb1_bonus/Job-1.odb,charge,Increment      1: Step Time =   2.2200E-16,"BEAM-1",598,194.,-10.,0.,NA,NA,"",150.139391E-03,-9.69995558E-03,-149.825722E-03
/prb1_bonus/Job-1.odb,charge,Increment      1: Step Time =   2.2200E-16,"BEAM-1",599,195.,-10.,0.,NA,NA,"",125.280574E-03,-9.74995550E-03,-124.900602E-03
/prb1_bonus/Job-1.odb,charge,Increment      1: Step Time =   2.2200E-16,"BEAM-1",600,196.,-10.,0.,NA,NA,"",100.429758E-03,-9.79995541E-03,-99.9504775E-03
/prb1_bonus/Job-1.odb,charge,Increment      1: Step Time =   2.2200E-16,"BEAM-1",601,197.,-10.,0.,NA,NA,"",75.6245703E-03,-9.84995533E-03,-74.9803558E-03
/prb1_bonus/Job-1.odb,charge,Increment      1: Step Time =   2.2200E-16,"BEAM-1",602,198.,-10.,0.,NA,NA,"",50.9659983E-03,-9.89995524E-03,-49.9952398E-03
/prb1_bonus/Job-1.odb,charge,Increment      1: Step Time =   2.2200E-16,"BEAM-1",603,199.,-10.,0.,NA,NA,"",26.9073900E-03,-9.94995516E-03,-25.0001196E-03