ODB Name,Step,Frame,Part Instance Name,Node Label,X,Y,Z,Section Name,Material Name,Section Point,U-U1,U-U2
Z:/abaqus_part_2/b_2d.odb,load,Increment      1: Step Time =   2.2200E-16,"PART-1-1",1,-10.9230766,0.,0.,NA,NA,"",199.407995E-03,-1.97841799
Z:/abaqus_part_2/b_2d.odb,load,Increment      1: Step Time =   2.2200E-16,"PART-1-1",2,-20.8461533,0.,0.,NA,NA,"",189.616799E-03,-1.87429702
Z:/abaqus_part_2/b_2d.odb,load,Increment      1: Step Time =   2.2200E-16,"PART-1-1",3,-35.7307701,0.,0.,NA,NA,"",155.872032E-03,-1.70290327
Z:/abaqus_part_2/b_2d.odb,load,Increment      1: Step Time =   2.2200E-16,"PART-1-1",4,-45.6538467,0.,0.,NA,NA,"",129.734635E-03,-1.56968546
Z:/abaqus_part_2/b_2d.odb,load,Increment      1: Step Time =   2.2200E-16,"PART-1-1",5,-55.5769234,0.,0.,NA,NA,"",104.961984E-03,-1.42148685
Z:/abaqus_part_2/b_2d.odb,load,Increment      1: Step Time =   2.2200E-16,"PART-1-1",6,-65.5,0.,0.,NA,NA,"",83.0654427E-03,-1.26057839
Z:/abaqus_part_2/b_2d.odb,load,Increment      1: Step Time =   2.2200E-16,"PART-1-1",7,-75.4230804,0.,0.,NA,NA,"",64.4862726E-03,-1.08917665
Z:/abaqus_part_2/b_2d.odb,load,Increment      1: Step Time =   2.2200E-16,"PART-1-1",8,-85.3461533,0.,0.,NA,NA,"",49.1341986E-03,-909.389079E-03
Z:/abaqus_part_2/b_2d.odb,load,Increment      1: Step Time =   2.2200E-16,"PART-1-1",9,-100.230766,0.,0.,NA,NA,"",31.5734744E-03,-627.585471E-03
Z:/abaqus_part_2/b_2d.odb,load,Increment      1: Step Time =   2.2200E-16,"PART-1-1",10,-110.153847,0.,0.,NA,NA,"",22.6135310E-03,-433.531493E-03
Z:/abaqus_part_2/b_2d.odb,load,Increment      1: Step Time =   2.2200E-16,"PART-1-1",11,-120.076920,0.,0.,NA,NA,"",13.4126702E-03,-233.766556E-03
Z:/abaqus_part_2/b_2d.odb,load,Increment      1: Step Time =   2.2200E-16,"PART-1-1",12,-1.,0.,0.,NA,NA,"",199.773878E-03,-2.09085369
Z:/abaqus_part_2/b_2d.odb,load,Increment      1: Step Time =   2.2200E-16,"PART-1-1",13,-130.,0.,0.,NA,NA,"",1.40129846E-45,-1.50000004E-33
Z:/abaqus_part_2/b_2d.odb,load,Increment      1: Step Time =   2.2200E-16,"PART-1-1",14,-500.E-03,10.,0.,NA,NA,"",320.522070E-03,-2.09704566
Z:/abaqus_part_2/b_2d.odb,load,Increment      1: Step Time =   2.2200E-16,"PART-1-1",15,0.,20.,0.,NA,NA,"",493.626356E-03,-2.08273578
Z:/abaqus_part_2/b_2d.odb,load,Increment      1: Step Time =   2.2200E-16,"PART-1-1",16,500.E-03,10.,0.,NA,NA,"",665.119827E-03,-2.09671164
Z:/abaqus_part_2/b_2d.odb,load,Increment      1: Step Time =   2.2200E-16,"PART-1-1",17,250.E-03,15.,0.,NA,NA,"",597.783923E-03,-2.09624481
Z:/abaqus_part_2/b_2d.odb,load,Increment      1: Step Time =   2.2200E-16,"PART-1-1",18,1.,0.,0.,NA,NA,"",786.023498E-03,-2.09060740
Z:/abaqus_part_2/b_2d.odb,load,Increment      1: Step Time =   2.2200E-16,"PART-1-1",19,120.076920,0.,0.,NA,NA,"",972.550213E-03,-233.744755E-03
Z:/abaqus_part_2/b_2d.odb,load,Increment      1: Step Time =   2.2200E-16,"PART-1-1",20,110.153847,0.,0.,NA,NA,"",963.351786E-03,-433.501333E-03
Z:/abaqus_part_2/b_2d.odb,load,Increment      1: Step Time =   2.2200E-16,"PART-1-1",21,95.2692337,0.,0.,NA,NA,"",949.227989E-03,-722.868681E-03
Z:/abaqus_part_2/b_2d.odb,load,Increment      1: Step Time =   2.2200E-16,"PART-1-1",22,85.3461533,0.,0.,NA,NA,"",936.864495E-03,-909.385741E-03
Z:/abaqus_part_2/b_2d.odb,load,Increment      1: Step Time =   2.2200E-16,"PART-1-1",23,75.4230804,0.,0.,NA,NA,"",921.487510E-03,-1.08918357
Z:/abaqus_part_2/b_2d.odb,load,Increment      1: Step Time =   2.2200E-16,"PART-1-1",24,65.5,0.,0.,NA,NA,"",902.881742E-03,-1.26054990
Z:/abaqus_part_2/b_2d.odb,load,Increment      1: Step Time =   2.2200E-16,"PART-1-1",25,55.5769234,0.,0.,NA,NA,"",880.975425E-03,-1.42150092
Z:/abaqus_part_2/b_2d.odb,load,Increment      1: Step Time =   2.2200E-16,"PART-1-1",26,45.6538467,0.,0.,NA,NA,"",856.155157E-03,-1.56961989
Z:/abaqus_part_2/b_2d.odb,load,Increment      1: Step Time =   2.2200E-16,"PART-1-1",27,30.7692299,0.,0.,NA,NA,"",817.335546E-03,-1.76355207
Z:/abaqus_part_2/b_2d.odb,load,Increment      1: Step Time =   2.2200E-16,"PART-1-1",28,20.8461533,0.,0.,NA,NA,"",796.132147E-03,-1.87406909
Z:/abaqus_part_2/b_2d.odb,load,Increment      1: Step Time =   2.2200E-16,"PART-1-1",29,10.9230766,0.,0.,NA,NA,"",786.338031E-03,-1.97808540
Z:/abaqus_part_2/b_2d.odb,load,Increment      1: Step Time =   2.2200E-16,"PART-1-1",30,130.,0.,0.,NA,NA,"",985.946596E-03,-1.50000004E-33
Z:/abaqus_part_2/b_2d.odb,load,Increment      1: Step Time =   2.2200E-16,"PART-1-1",31,130.,25.,0.,NA,NA,"",479.787230E-03,-42.9492146E-03
Z:/abaqus_part_2/b_2d.odb,load,Increment      1: Step Time =   2.2200E-16,"PART-1-1",32,130.,15.,0.,NA,NA,"",671.660006E-03,-36.7654972E-03
Z:/abaqus_part_2/b_2d.odb,load,Increment      1: Step Time =   2.2200E-16,"PART-1-1",33,130.,40.,0.,NA,NA,"",190.295130E-03,-44.1678911E-03
Z:/abaqus_part_2/b_2d.odb,load,Increment      1: Step Time =   2.2200E-16,"PART-1-1",34,53.5294113,40.,0.,NA,NA,"",274.610609E-03,-1.45602381
Z:/abaqus_part_2/b_2d.odb,load,Increment      1: Step Time =   2.2200E-16,"PART-1-1",35,63.7254906,40.,0.,NA,NA,"",253.113598E-03,-1.29045856
Z:/abaqus_part_2/b_2d.odb,load,Increment      1: Step Time =   2.2200E-16,"PART-1-1",36,73.9215698,40.,0.,NA,NA,"",234.211639E-03,-1.11549997
Z:/abaqus_part_2/b_2d.odb,load,Increment      1: Step Time =   2.2200E-16,"PART-1-1",37,84.1176453,40.,0.,NA,NA,"",218.242079E-03,-931.698799E-03
Z:/abaqus_part_2/b_2d.odb,load,Increment      1: Step Time =   2.2200E-16,"PART-1-1",38,99.4117661,40.,0.,NA,NA,"",200.471997E-03,-642.515957E-03
Z:/abaqus_part_2/b_2d.odb,load,Increment      1: Step Time =   2.2200E-16,"PART-1-1",39,109.607841,40.,0.,NA,NA,"",193.406582E-03,-443.514109E-03
Z:/abaqus_part_2/b_2d.odb,load,Increment      1: Step Time =   2.2200E-16,"PART-1-1",40,119.803925,40.,0.,NA,NA,"",190.533563E-03,-242.988512E-03
Z:/abaqus_part_2/b_2d.odb,load,Increment      1: Step Time =   2.2200E-16,"PART-1-1",41,43.3333321,40.,0.,NA,NA,"",300.804973E-03,-1.62039018
Z:/abaqus_part_2/b_2d.odb,load,Increment      1: Step Time =   2.2200E-16,"PART-1-1",42,-33.1372566,40.,0.,NA,NA,"",656.428218E-03,-1.74354708
Z:/abaqus_part_2/b_2d.odb,load,Increment      1: Step Time =   2.2200E-16,"PART-1-1",43,-22.9411774,40.,0.,NA,NA,"",625.465274E-03,-1.86478996
Z:/abaqus_part_2/b_2d.odb,load,Increment      1: Step Time =   2.2200E-16,"PART-1-1",44,-12.7450981,40.,0.,NA,NA,"",580.630481E-03,-1.96892393
Z:/abaqus_part_2/b_2d.odb,load,Increment      1: Step Time =   2.2200E-16,"PART-1-1",45,-2.54901958,40.,0.,NA,NA,"",512.454271E-03,-2.02761984
Z:/abaqus_part_2/b_2d.odb,load,Increment      1: Step Time =   2.2200E-16,"PART-1-1",46,12.7450981,40.,0.,NA,NA,"",405.339360E-03,-1.96822286
Z:/abaqus_part_2/b_2d.odb,load,Increment      1: Step Time =   2.2200E-16,"PART-1-1",47,22.9411774,40.,0.,NA,NA,"",360.690892E-03,-1.86470377
Z:/abaqus_part_2/b_2d.odb,load,Increment      1: Step Time =   2.2200E-16,"PART-1-1",48,33.1372566,40.,0.,NA,NA,"",329.567760E-03,-1.74354661
Z:/abaqus_part_2/b_2d.odb,load,Increment      1: Step Time =   2.2200E-16,"PART-1-1",49,-43.3333321,40.,0.,NA,NA,"",685.256660E-03,-1.62057984
Z:/abaqus_part_2/b_2d.odb,load,Increment      1: Step Time =   2.2200E-16,"PART-1-1",50,-119.803925,40.,0.,NA,NA,"",795.441508E-03,-243.006572E-03
Z:/abaqus_part_2/b_2d.odb,load,Increment      1: Step Time =   2.2200E-16,"PART-1-1",51,-109.607841,40.,0.,NA,NA,"",792.568982E-03,-443.539470E-03
Z:/abaqus_part_2/b_2d.odb,load,Increment      1: Step Time =   2.2200E-16,"PART-1-1",52,-99.4117661,40.,0.,NA,NA,"",785.499632E-03,-642.538369E-03
Z:/abaqus_part_2/b_2d.odb,load,Increment      1: Step Time =   2.2200E-16,"PART-1-1",53,-84.1176453,40.,0.,NA,NA,"",767.715931E-03,-931.725562E-03
Z:/abaqus_part_2/b_2d.odb,load,Increment      1: Step Time =   2.2200E-16,"PART-1-1",54,-73.9215698,40.,0.,NA,NA,"",751.738727E-03,-1.11552012
Z:/abaqus_part_2/b_2d.odb,load,Increment      1: Step Time =   2.2200E-16,"PART-1-1",55,-63.7254906,40.,0.,NA,NA,"",732.830644E-03,-1.29045832
Z:/abaqus_part_2/b_2d.odb,load,Increment      1: Step Time =   2.2200E-16,"PART-1-1",56,-53.5294113,40.,0.,NA,NA,"",711.393714E-03,-1.45601904
Z:/abaqus_part_2/b_2d.odb,load,Increment      1: Step Time =   2.2200E-16,"PART-1-1",57,-130.,40.,0.,NA,NA,"",795.677722E-03,-44.1874117E-03
Z:/abaqus_part_2/b_2d.odb,load,Increment      1: Step Time =   2.2200E-16,"PART-1-1",58,-130.,15.,0.,NA,NA,"",314.310849E-03,-36.7812589E-03
Z:/abaqus_part_2/b_2d.odb,load,Increment      1: Step Time =   2.2200E-16,"PART-1-1",59,-130.,25.,0.,NA,NA,"",506.183684E-03,-42.9646522E-03
Z:/abaqus_part_2/b_2d.odb,load,Increment      1: Step Time =   2.2200E-16,"PART-1-1",60,-5.49018860,10.0322247,0.,NA,NA,"",320.702970E-03,-2.03612709
Z:/abaqus_part_2/b_2d.odb,load,Increment      1: Step Time =   2.2200E-16,"PART-1-1",61,-15.9554939,9.90990448,0.,NA,NA,"",310.713142E-03,-1.92993569
Z:/abaqus_part_2/b_2d.odb,load,Increment      1: Step Time =   2.2200E-16,"PART-1-1",62,-26.3597794,9.98678684,0.,NA,NA,"",296.685427E-03,-1.82151842
Z:/abaqus_part_2/b_2d.odb,load,Increment      1: Step Time =   2.2200E-16,"PART-1-1",63,-36.6128120,9.82522774,0.,NA,NA,"",280.200779E-03,-1.69897139
Z:/abaqus_part_2/b_2d.odb,load,Increment      1: Step Time =   2.2200E-16,"PART-1-1",64,-46.7380219,9.11653805,0.,NA,NA,"",256.610751E-03,-1.56069458
Z:/abaqus_part_2/b_2d.odb,load,Increment      1: Step Time =   2.2200E-16,"PART-1-1",65,-56.2391815,8.93867207,0.,NA,NA,"",241.429031E-03,-1.41677928
Z:/abaqus_part_2/b_2d.odb,load,Increment      1: Step Time =   2.2200E-16,"PART-1-1",66,-65.7689362,8.78485298,0.,NA,NA,"",227.645099E-03,-1.26090324
Z:/abaqus_part_2/b_2d.odb,load,Increment      1: Step Time =   2.2200E-16,"PART-1-1",67,-80.1063156,9.63573360,0.,NA,NA,"",228.403643E-03,-1.00923431
Z:/abaqus_part_2/b_2d.odb,load,Increment      1: Step Time =   2.2200E-16,"PART-1-1",68,-89.9815063,9.84735680,0.,NA,NA,"",225.152478E-03,-826.218724E-03
Z:/abaqus_part_2/b_2d.odb,load,Increment      1: Step Time =   2.2200E-16,"PART-1-1",69,-99.8943024,9.99108791,0.,NA,NA,"",222.479880E-03,-636.520922E-03
Z:/abaqus_part_2/b_2d.odb,load,Increment      1: Step Time =   2.2200E-16,"PART-1-1",70,-109.846550,10.1412039,0.,NA,NA,"",221.924126E-03,-441.266060E-03
Z:/abaqus_part_2/b_2d.odb,load,Increment      1: Step Time =   2.2200E-16,"PART-1-1",71,-119.869972,10.1722603,0.,NA,NA,"",221.866935E-03,-239.168882E-03
Z:/abaqus_part_2/b_2d.odb,load,Increment      1: Step Time =   2.2200E-16,"PART-1-1",72,-4.68603754,19.3524952,0.,NA,NA,"",453.824162E-03,-2.04120255
Z:/abaqus_part_2/b_2d.odb,load,Increment      1: Step Time =   2.2200E-16,"PART-1-1",73,-16.7383308,18.1022015,0.,NA,NA,"",405.498534E-03,-1.92979753
Z:/abaqus_part_2/b_2d.odb,load,Increment      1: Step Time =   2.2200E-16,"PART-1-1",74,-26.2259293,20.5367336,0.,NA,NA,"",422.024399E-03,-1.83116961
Z:/abaqus_part_2/b_2d.odb,load,Increment      1: Step Time =   2.2200E-16,"PART-1-1",75,-38.6777420,20.3084736,0.,NA,NA,"",415.019184E-03,-1.67760706
Z:/abaqus_part_2/b_2d.odb,load,Increment      1: Step Time =   2.2200E-16,"PART-1-1",76,-46.3036575,21.6998005,0.,NA,NA,"",433.277547E-03,-1.57162845
Z:/abaqus_part_2/b_2d.odb,load,Increment      1: Step Time =   2.2200E-16,"PART-1-1",77,-58.2099762,19.1729240,0.,NA,NA,"",396.066397E-03,-1.38842428
Z:/abaqus_part_2/b_2d.odb,load,Increment      1: Step Time =   2.2200E-16,"PART-1-1",78,-68.6877213,19.1844769,0.,NA,NA,"",395.579934E-03,-1.21332204
Z:/abaqus_part_2/b_2d.odb,load,Increment      1: Step Time =   2.2200E-16,"PART-1-1",79,-79.5510635,19.8459091,0.,NA,NA,"",406.456947E-03,-1.02067947
Z:/abaqus_part_2/b_2d.odb,load,Increment      1: Step Time =   2.2200E-16,"PART-1-1",80,-89.6493683,20.1137886,0.,NA,NA,"",411.362171E-03,-833.381534E-03
Z:/abaqus_part_2/b_2d.odb,load,Increment      1: Step Time =   2.2200E-16,"PART-1-1",81,-99.5480347,20.2409439,0.,NA,NA,"",414.171785E-03,-643.560588E-03
Z:/abaqus_part_2/b_2d.odb,load,Increment      1: Step Time =   2.2200E-16,"PART-1-1",82,-109.498512,20.3094807,0.,NA,NA,"",416.410089E-03,-447.922915E-03
Z:/abaqus_part_2/b_2d.odb,load,Increment      1: Step Time =   2.2200E-16,"PART-1-1",83,-119.668976,20.2512226,0.,NA,NA,"",416.256905E-03,-244.660914E-03
Z:/abaqus_part_2/b_2d.odb,load,Increment      1: Step Time =   2.2200E-16,"PART-1-1",84,119.707550,20.1151276,0.,NA,NA,"",572.309911E-03,-243.847936E-03
Z:/abaqus_part_2/b_2d.odb,load,Increment      1: Step Time =   2.2200E-16,"PART-1-1",85,109.026146,20.2711811,0.,NA,NA,"",570.345163E-03,-457.286626E-03
Z:/abaqus_part_2/b_2d.odb,load,Increment      1: Step Time =   2.2200E-16,"PART-1-1",86,99.6129913,23.0605125,0.,NA,NA,"",519.374967E-03,-641.968668E-03
Z:/abaqus_part_2/b_2d.odb,load,Increment      1: Step Time =   2.2200E-16,"PART-1-1",87,88.8603897,17.6614552,0.,NA,NA,"",618.795216E-03,-848.227501E-03
Z:/abaqus_part_2/b_2d.odb,load,Increment      1: Step Time =   2.2200E-16,"PART-1-1",88,79.2222672,21.9356422,0.,NA,NA,"",543.337941E-03,-1.02653706
Z:/abaqus_part_2/b_2d.odb,load,Increment      1: Step Time =   2.2200E-16,"PART-1-1",89,69.3845596,21.8072128,0.,NA,NA,"",547.285795E-03,-1.20108640
Z:/abaqus_part_2/b_2d.odb,load,Increment      1: Step Time =   2.2200E-16,"PART-1-1",90,59.5300369,21.5106297,0.,NA,NA,"",553.875327E-03,-1.36689377
Z:/abaqus_part_2/b_2d.odb,load,Increment      1: Step Time =   2.2200E-16,"PART-1-1",91,48.6724701,19.4016495,0.,NA,NA,"",585.307598E-03,-1.53658772
Z:/abaqus_part_2/b_2d.odb,load,Increment      1: Step Time =   2.2200E-16,"PART-1-1",92,35.9703674,19.9755077,0.,NA,NA,"",574.694037E-03,-1.71267879
Z:/abaqus_part_2/b_2d.odb,load,Increment      1: Step Time =   2.2200E-16,"PART-1-1",93,31.1023083,18.3155441,0.,NA,NA,"",593.312383E-03,-1.77222073
Z:/abaqus_part_2/b_2d.odb,load,Increment      1: Step Time =   2.2200E-16,"PART-1-1",94,21.1615467,18.4522743,0.,NA,NA,"",583.055079E-03,-1.88478923
Z:/abaqus_part_2/b_2d.odb,load,Increment      1: Step Time =   2.2200E-16,"PART-1-1",95,5.57967758,19.6177998,0.,NA,NA,"",533.777595E-03,-2.03381729
Z:/abaqus_part_2/b_2d.odb,load,Increment      1: Step Time =   2.2200E-16,"PART-1-1",96,5.58881569,9.95064640,0.,NA,NA,"",666.135848E-03,-2.03485608
Z:/abaqus_part_2/b_2d.odb,load,Increment      1: Step Time =   2.2200E-16,"PART-1-1",97,15.7587147,9.71653366,0.,NA,NA,"",677.219510E-03,-1.93152118
Z:/abaqus_part_2/b_2d.odb,load,Increment      1: Step Time =   2.2200E-16,"PART-1-1",98,26.0064583,9.58844948,0.,NA,NA,"",693.556428E-03,-1.82505059
Z:/abaqus_part_2/b_2d.odb,load,Increment      1: Step Time =   2.2200E-16,"PART-1-1",99,36.2468758,9.70734406,0.,NA,NA,"",706.741810E-03,-1.70352709
Z:/abaqus_part_2/b_2d.odb,load,Increment      1: Step Time =   2.2200E-16,"PART-1-1",100,46.1907387,9.26669502,0.,NA,NA,"",726.460755E-03,-1.56854820
Z:/abaqus_part_2/b_2d.odb,load,Increment      1: Step Time =   2.2200E-16,"PART-1-1",101,55.7403641,8.66364384,0.,NA,NA,"",748.055995E-03,-1.42452729
Z:/abaqus_part_2/b_2d.odb,load,Increment      1: Step Time =   2.2200E-16,"PART-1-1",102,65.3118820,8.68217468,0.,NA,NA,"",759.451747E-03,-1.26854563
Z:/abaqus_part_2/b_2d.odb,load,Increment      1: Step Time =   2.2200E-16,"PART-1-1",103,79.8574829,8.86860847,0.,NA,NA,"",770.858526E-03,-1.01352882
Z:/abaqus_part_2/b_2d.odb,load,Increment      1: Step Time =   2.2200E-16,"PART-1-1",104,89.5665207,9.09328842,0.,NA,NA,"",774.340987E-03,-833.861411E-03
Z:/abaqus_part_2/b_2d.odb,load,Increment      1: Step Time =   2.2200E-16,"PART-1-1",105,99.4529877,9.65220642,0.,NA,NA,"",769.686878E-03,-645.016551E-03
Z:/abaqus_part_2/b_2d.odb,load,Increment      1: Step Time =   2.2200E-16,"PART-1-1",106,109.570229,10.1829510,0.,NA,NA,"",763.168395E-03,-446.728289E-03
Z:/abaqus_part_2/b_2d.odb,load,Increment      1: Step Time =   2.2200E-16,"PART-1-1",107,119.813576,10.1720181,0.,NA,NA,"",764.114678E-03,-240.310922E-03
Z:/abaqus_part_2/b_2d.odb,load,Increment      1: Step Time =   2.2200E-16,"PART-1-1",108,119.752159,30.0075302,0.,NA,NA,"",383.856922E-03,-244.083285E-03
Z:/abaqus_part_2/b_2d.odb,load,Increment      1: Step Time =   2.2200E-16,"PART-1-1",109,109.496246,30.2043915,0.,NA,NA,"",382.297099E-03,-447.108835E-03
Z:/abaqus_part_2/b_2d.odb,load,Increment      1: Step Time =   2.2200E-16,"PART-1-1",110,99.4625702,30.6473656,0.,NA,NA,"",378.061891E-03,-643.888116E-03
Z:/abaqus_part_2/b_2d.odb,load,Increment      1: Step Time =   2.2200E-16,"PART-1-1",111,89.2278900,30.6678181,0.,NA,NA,"",383.744270E-03,-839.845359E-03
Z:/abaqus_part_2/b_2d.odb,load,Increment      1: Step Time =   2.2200E-16,"PART-1-1",112,79.0927277,30.7464180,0.,NA,NA,"",390.067369E-03,-1.02723718
Z:/abaqus_part_2/b_2d.odb,load,Increment      1: Step Time =   2.2200E-16,"PART-1-1",113,68.9635086,30.6587582,0.,NA,NA,"",401.017904E-03,-1.20645452
Z:/abaqus_part_2/b_2d.odb,load,Increment      1: Step Time =   2.2200E-16,"PART-1-1",114,58.7592812,30.4434185,0.,NA,NA,"",415.680200E-03,-1.37769425
Z:/abaqus_part_2/b_2d.odb,load,Increment      1: Step Time =   2.2200E-16,"PART-1-1",115,48.2587395,30.0421600,0.,NA,NA,"",434.014082E-03,-1.54345024
Z:/abaqus_part_2/b_2d.odb,load,Increment      1: Step Time =   2.2200E-16,"PART-1-1",116,37.7499619,30.3047218,0.,NA,NA,"",441.694260E-03,-1.69122422
Z:/abaqus_part_2/b_2d.odb,load,Increment      1: Step Time =   2.2200E-16,"PART-1-1",117,27.4799824,30.9851837,0.,NA,NA,"",447.549164E-03,-1.81866443
Z:/abaqus_part_2/b_2d.odb,load,Increment      1: Step Time =   2.2200E-16,"PART-1-1",118,12.5827341,31.8664989,0.,NA,NA,"",462.933570E-03,-1.97980440
Z:/abaqus_part_2/b_2d.odb,load,Increment      1: Step Time =   2.2200E-16,"PART-1-1",119,2.44927073,30.0166874,0.,NA,NA,"",487.114280E-03,-2.04781032
Z:/abaqus_part_2/b_2d.odb,load,Increment      1: Step Time =   2.2200E-16,"PART-1-1",120,-8.40721607,28.7531643,0.,NA,NA,"",501.980722E-03,-2.01762676
Z:/abaqus_part_2/b_2d.odb,load,Increment      1: Step Time =   2.2200E-16,"PART-1-1",121,-18.7249565,31.1931973,0.,NA,NA,"",527.701914E-03,-1.91850078
Z:/abaqus_part_2/b_2d.odb,load,Increment      1: Step Time =   2.2200E-16,"PART-1-1",122,-28.0894814,30.8594112,0.,NA,NA,"",537.879050E-03,-1.81147838
Z:/abaqus_part_2/b_2d.odb,load,Increment      1: Step Time =   2.2200E-16,"PART-1-1",123,-37.8377151,30.6008511,0.,NA,NA,"",548.282743E-03,-1.69008732
Z:/abaqus_part_2/b_2d.odb,load,Increment      1: Step Time =   2.2200E-16,"PART-1-1",124,-47.9707260,30.4426842,0.,NA,NA,"",557.359934E-03,-1.54783499
Z:/abaqus_part_2/b_2d.odb,load,Increment      1: Step Time =   2.2200E-16,"PART-1-1",125,-58.3592224,29.8977051,0.,NA,NA,"",561.278343E-03,-1.38439071
Z:/abaqus_part_2/b_2d.odb,load,Increment      1: Step Time =   2.2200E-16,"PART-1-1",126,-68.8909225,29.9024105,0.,NA,NA,"",572.283983E-03,-1.20798266
Z:/abaqus_part_2/b_2d.odb,load,Increment      1: Step Time =   2.2200E-16,"PART-1-1",127,-79.1871338,30.0765305,0.,NA,NA,"",584.241033E-03,-1.02575052
Z:/abaqus_part_2/b_2d.odb,load,Increment      1: Step Time =   2.2200E-16,"PART-1-1",128,-89.3767471,30.3140354,0.,NA,NA,"",595.871806E-03,-837.143838E-03
Z:/abaqus_part_2/b_2d.odb,load,Increment      1: Step Time =   2.2200E-16,"PART-1-1",129,-99.4049606,30.4111404,0.,NA,NA,"",603.438079E-03,-645.055175E-03
Z:/abaqus_part_2/b_2d.odb,load,Increment      1: Step Time =   2.2200E-16,"PART-1-1",130,-109.413231,30.3142071,0.,NA,NA,"",605.742455E-03,-448.760360E-03
Z:/abaqus_part_2/b_2d.odb,load,Increment      1: Step Time =   2.2200E-16,"PART-1-1",131,-119.636803,30.1292210,0.,NA,NA,"",604.435205E-03,-246.385068E-03
Z:/abaqus_part_2/b_2d.odb,load,Increment      1: Step Time =   2.2200E-16,"PART-1-1",132,-5.96153831,0.,0.,NA,NA,"",199.926868E-03,-2.03329277
Z:/abaqus_part_2/b_2d.odb,load,Increment      1: Step Time =   2.2200E-16,"PART-1-1",133,-15.8846149,0.,0.,NA,NA,"",196.218997E-03,-1.92616546
Z:/abaqus_part_2/b_2d.odb,load,Increment      1: Step Time =   2.2200E-16,"PART-1-1",134,-25.8076916,0.,0.,NA,NA,"",180.039525E-03,-1.82056355
Z:/abaqus_part_2/b_2d.odb,load,Increment      1: Step Time =   2.2200E-16,"PART-1-1",135,-30.7692299,0.,0.,NA,NA,"",168.495536E-03,-1.76361477
Z:/abaqus_part_2/b_2d.odb,load,Increment      1: Step Time =   2.2200E-16,"PART-1-1",136,-40.6923065,0.,0.,NA,NA,"",142.798722E-03,-1.63825989
Z:/abaqus_part_2/b_2d.odb,load,Increment      1: Step Time =   2.2200E-16,"PART-1-1",137,-50.6153831,0.,0.,NA,NA,"",117.040515E-03,-1.49732554
Z:/abaqus_part_2/b_2d.odb,load,Increment      1: Step Time =   2.2200E-16,"PART-1-1",138,-60.5384598,0.,0.,NA,NA,"",93.6147198E-03,-1.34248650
Z:/abaqus_part_2/b_2d.odb,load,Increment      1: Step Time =   2.2200E-16,"PART-1-1",139,-70.4615402,0.,0.,NA,NA,"",73.3561739E-03,-1.17604601
Z:/abaqus_part_2/b_2d.odb,load,Increment      1: Step Time =   2.2200E-16,"PART-1-1",140,-80.3846130,0.,0.,NA,NA,"",56.4237051E-03,-1.00021982
Z:/abaqus_part_2/b_2d.odb,load,Increment      1: Step Time =   2.2200E-16,"PART-1-1",141,-90.3076935,0.,0.,NA,NA,"",42.5941050E-03,-816.879094E-03
Z:/abaqus_part_2/b_2d.odb,load,Increment      1: Step Time =   2.2200E-16,"PART-1-1",142,-95.2692337,0.,0.,NA,NA,"",36.7618799E-03,-722.885787E-03
Z:/abaqus_part_2/b_2d.odb,load,Increment      1: Step Time =   2.2200E-16,"PART-1-1",143,-105.192307,0.,0.,NA,NA,"",26.9202124E-03,-531.117141E-03
Z:/abaqus_part_2/b_2d.odb,load,Increment      1: Step Time =   2.2200E-16,"PART-1-1",144,-115.115387,0.,0.,NA,NA,"",18.3290243E-03,-334.711581E-03
Z:/abaqus_part_2/b_2d.odb,load,Increment      1: Step Time =   2.2200E-16,"PART-1-1",145,-125.038460,0.,0.,NA,NA,"",7.10640335E-03,-129.370376E-03
Z:/abaqus_part_2/b_2d.odb,load,Increment      1: Step Time =   2.2200E-16,"PART-1-1",146,-250.E-03,15.,0.,NA,NA,"",387.675613E-03,-2.09737968
Z:/abaqus_part_2/b_2d.odb,load,Increment      1: Step Time =   2.2200E-16,"PART-1-1",147,-750.E-03,5.,0.,NA,NA,"",258.335948E-03,-2.09399486
Z:/abaqus_part_2/b_2d.odb,load,Increment      1: Step Time =   2.2200E-16,"PART-1-1",148,750.E-03,5.,0.,NA,NA,"",727.409065E-03,-2.09375048
Z:/abaqus_part_2/b_2d.odb,load,Increment      1: Step Time =   2.2200E-16,"PART-1-1",149,125.038460,0.,0.,NA,NA,"",978.862464E-03,-129.357010E-03
Z:/abaqus_part_2/b_2d.odb,load,Increment      1: Step Time =   2.2200E-16,"PART-1-1",150,115.115387,0.,0.,NA,NA,"",967.635751E-03,-334.686369E-03
Z:/abaqus_part_2/b_2d.odb,load,Increment      1: Step Time =   2.2200E-16,"PART-1-1",151,105.192307,0.,0.,NA,NA,"",959.052026E-03,-531.086802E-03
Z:/abaqus_part_2/b_2d.odb,load,Increment      1: Step Time =   2.2200E-16,"PART-1-1",152,100.230766,0.,0.,NA,NA,"",954.408050E-03,-627.560377E-03
Z:/abaqus_part_2/b_2d.odb,load,Increment      1: Step Time =   2.2200E-16,"PART-1-1",153,90.3076935,0.,0.,NA,NA,"",943.403006E-03,-816.868007E-03
Z:/abaqus_part_2/b_2d.odb,load,Increment      1: Step Time =   2.2200E-16,"PART-1-1",154,80.3846130,0.,0.,NA,NA,"",929.569006E-03,-1.00022531
Z:/abaqus_part_2/b_2d.odb,load,Increment      1: Step Time =   2.2200E-16,"PART-1-1",155,70.4615402,0.,0.,NA,NA,"",912.595630E-03,-1.17603588
Z:/abaqus_part_2/b_2d.odb,load,Increment      1: Step Time =   2.2200E-16,"PART-1-1",156,60.5384598,0.,0.,NA,NA,"",892.334700E-03,-1.34246302
Z:/abaqus_part_2/b_2d.odb,load,Increment      1: Step Time =   2.2200E-16,"PART-1-1",157,50.6153831,0.,0.,NA,NA,"",868.859768E-03,-1.49732351
Z:/abaqus_part_2/b_2d.odb,load,Increment      1: Step Time =   2.2200E-16,"PART-1-1",158,40.6923065,0.,0.,NA,NA,"",843.101501E-03,-1.63817668
Z:/abaqus_part_2/b_2d.odb,load,Increment      1: Step Time =   2.2200E-16,"PART-1-1",159,35.7307701,0.,0.,NA,NA,"",830.012381E-03,-1.70284534
Z:/abaqus_part_2/b_2d.odb,load,Increment      1: Step Time =   2.2200E-16,"PART-1-1",160,25.8076916,0.,0.,NA,NA,"",805.743337E-03,-1.82042527
Z:/abaqus_part_2/b_2d.odb,load,Increment      1: Step Time =   2.2200E-16,"PART-1-1",161,15.8846149,0.,0.,NA,NA,"",789.511561E-03,-1.92587328
Z:/abaqus_part_2/b_2d.odb,load,Increment      1: Step Time =   2.2200E-16,"PART-1-1",162,5.96153831,0.,0.,NA,NA,"",785.859883E-03,-2.03298974
Z:/abaqus_part_2/b_2d.odb,load,Increment      1: Step Time =   2.2200E-16,"PART-1-1",163,130.,35.,0.,NA,NA,"",287.358731E-03,-44.1699401E-03
Z:/abaqus_part_2/b_2d.odb,load,Increment      1: Step Time =   2.2200E-16,"PART-1-1",164,130.,30.,0.,NA,NA,"",383.865207E-03,-43.9357720E-03
Z:/abaqus_part_2/b_2d.odb,load,Increment      1: Step Time =   2.2200E-16,"PART-1-1",165,130.,20.,0.,NA,NA,"",575.513363E-03,-40.7267995E-03
Z:/abaqus_part_2/b_2d.odb,load,Increment      1: Step Time =   2.2200E-16,"PART-1-1",166,130.,10.,0.,NA,NA,"",769.194067E-03,-30.2550122E-03
Z:/abaqus_part_2/b_2d.odb,load,Increment      1: Step Time =   2.2200E-16,"PART-1-1",167,130.,5.,0.,NA,NA,"",870.173633E-03,-19.2818064E-03
Z:/abaqus_part_2/b_2d.odb,load,Increment      1: Step Time =   2.2200E-16,"PART-1-1",168,48.4313736,40.,0.,NA,NA,"",286.558926E-03,-1.53555596
Z:/abaqus_part_2/b_2d.odb,load,Increment      1: Step Time =   2.2200E-16,"PART-1-1",169,58.6274529,40.,0.,NA,NA,"",263.566464E-03,-1.37434161
Z:/abaqus_part_2/b_2d.odb,load,Increment      1: Step Time =   2.2200E-16,"PART-1-1",170,68.8235321,40.,0.,NA,NA,"",243.316412E-03,-1.20414972
Z:/abaqus_part_2/b_2d.odb,load,Increment      1: Step Time =   2.2200E-16,"PART-1-1",171,79.0196075,40.,0.,NA,NA,"",225.842565E-03,-1.02462566
Z:/abaqus_part_2/b_2d.odb,load,Increment      1: Step Time =   2.2200E-16,"PART-1-1",172,89.2156830,40.,0.,NA,NA,"",211.449236E-03,-836.893737E-03
Z:/abaqus_part_2/b_2d.odb,load,Increment      1: Step Time =   2.2200E-16,"PART-1-1",173,94.3137283,40.,0.,NA,NA,"",205.511197E-03,-740.420818E-03
Z:/abaqus_part_2/b_2d.odb,load,Increment      1: Step Time =   2.2200E-16,"PART-1-1",174,104.509804,40.,0.,NA,NA,"",196.412966E-03,-543.430030E-03
Z:/abaqus_part_2/b_2d.odb,load,Increment      1: Step Time =   2.2200E-16,"PART-1-1",175,114.705879,40.,0.,NA,NA,"",191.478372E-03,-343.203902E-03
Z:/abaqus_part_2/b_2d.odb,load,Increment      1: Step Time =   2.2200E-16,"PART-1-1",176,124.901962,40.,0.,NA,NA,"",190.293938E-03,-143.296257E-03
Z:/abaqus_part_2/b_2d.odb,load,Increment      1: Step Time =   2.2200E-16,"PART-1-1",177,-38.2352943,40.,0.,NA,NA,"",670.054436E-03,-1.67937326
Z:/abaqus_part_2/b_2d.odb,load,Increment      1: Step Time =   2.2200E-16,"PART-1-1",178,-28.0392151,40.,0.,NA,NA,"",641.937733E-03,-1.80550992
Z:/abaqus_part_2/b_2d.odb,load,Increment      1: Step Time =   2.2200E-16,"PART-1-1",179,-17.8431377,40.,0.,NA,NA,"",605.683744E-03,-1.92015147
Z:/abaqus_part_2/b_2d.odb,load,Increment      1: Step Time =   2.2200E-16,"PART-1-1",180,-7.64705896,40.,0.,NA,NA,"",549.500406E-03,-2.00678372
Z:/abaqus_part_2/b_2d.odb,load,Increment      1: Step Time =   2.2200E-16,"PART-1-1",181,2.54901958,40.,0.,NA,NA,"",473.177880E-03,-2.02849293
Z:/abaqus_part_2/b_2d.odb,load,Increment      1: Step Time =   2.2200E-16,"PART-1-1",182,7.64705896,40.,0.,NA,NA,"",436.258227E-03,-2.00611115
Z:/abaqus_part_2/b_2d.odb,load,Increment      1: Step Time =   2.2200E-16,"PART-1-1",183,17.8431377,40.,0.,NA,NA,"",380.559385E-03,-1.91974247
Z:/abaqus_part_2/b_2d.odb,load,Increment      1: Step Time =   2.2200E-16,"PART-1-1",184,28.0392151,40.,0.,NA,NA,"",344.128728E-03,-1.80550146
Z:/abaqus_part_2/b_2d.odb,load,Increment      1: Step Time =   2.2200E-16,"PART-1-1",185,38.2352943,40.,0.,NA,NA,"",315.876454E-03,-1.67931938
Z:/abaqus_part_2/b_2d.odb,load,Increment      1: Step Time =   2.2200E-16,"PART-1-1",186,-124.901962,40.,0.,NA,NA,"",795.679092E-03,-143.314376E-03
Z:/abaqus_part_2/b_2d.odb,load,Increment      1: Step Time =   2.2200E-16,"PART-1-1",187,-114.705879,40.,0.,NA,NA,"",794.500470E-03,-343.225658E-03
Z:/abaqus_part_2/b_2d.odb,load,Increment      1: Step Time =   2.2200E-16,"PART-1-1",188,-104.509804,40.,0.,NA,NA,"",789.558411E-03,-543.452680E-03
Z:/abaqus_part_2/b_2d.odb,load,Increment      1: Step Time =   2.2200E-16,"PART-1-1",189,-94.3137283,40.,0.,NA,NA,"",780.459940E-03,-740.453005E-03
Z:/abaqus_part_2/b_2d.odb,load,Increment      1: Step Time =   2.2200E-16,"PART-1-1",190,-89.2156830,40.,0.,NA,NA,"",774.511516E-03,-836.923301E-03
Z:/abaqus_part_2/b_2d.odb,load,Increment      1: Step Time =   2.2200E-16,"PART-1-1",191,-79.0196075,40.,0.,NA,NA,"",760.110319E-03,-1.02465034
Z:/abaqus_part_2/b_2d.odb,load,Increment      1: Step Time =   2.2200E-16,"PART-1-1",192,-68.8235321,40.,0.,NA,NA,"",742.629886E-03,-1.20416522
Z:/abaqus_part_2/b_2d.odb,load,Increment      1: Step Time =   2.2200E-16,"PART-1-1",193,-58.6274529,40.,0.,NA,NA,"",722.394049E-03,-1.37432027
Z:/abaqus_part_2/b_2d.odb,load,Increment      1: Step Time =   2.2200E-16,"PART-1-1",194,-48.4313736,40.,0.,NA,NA,"",699.488223E-03,-1.53560328
Z:/abaqus_part_2/b_2d.odb,load,Increment      1: Step Time =   2.2200E-16,"PART-1-1",195,-130.,5.,0.,NA,NA,"",115.806960E-03,-19.2909855E-03
Z:/abaqus_part_2/b_2d.odb,load,Increment      1: Step Time =   2.2200E-16,"PART-1-1",196,-130.,10.,0.,NA,NA,"",216.781095E-03,-30.2710496E-03
Z:/abaqus_part_2/b_2d.odb,load,Increment      1: Step Time =   2.2200E-16,"PART-1-1",197,-130.,20.,0.,NA,NA,"",410.456747E-03,-40.7432541E-03
Z:/abaqus_part_2/b_2d.odb,load,Increment      1: Step Time =   2.2200E-16,"PART-1-1",198,-130.,30.,0.,NA,NA,"",602.108836E-03,-43.9542755E-03
Z:/abaqus_part_2/b_2d.odb,load,Increment      1: Step Time =   2.2200E-16,"PART-1-1",199,-130.,35.,0.,NA,NA,"",698.615372E-03,-44.1889167E-03
Z:/abaqus_part_2/b_2d.odb,load,Increment      1: Step Time =   2.2200E-16,"PART-1-1",200,80.1376343,4.43820477,0.,NA,NA,"",849.508762E-03,-1.00684643
Z:/abaqus_part_2/b_2d.odb,load,Increment      1: Step Time =   2.2200E-16,"PART-1-1",201,99.8984146,4.87530994,0.,NA,NA,"",860.518336E-03,-635.445118E-03
Z:/abaqus_part_2/b_2d.odb,load,Increment      1: Step Time =   2.2200E-16,"PART-1-1",202,114.904350,5.13037395,0.,NA,NA,"",864.282906E-03,-339.956135E-03
Z:/abaqus_part_2/b_2d.odb,load,Increment      1: Step Time =   2.2200E-16,"PART-1-1",203,124.954216,5.06936932,0.,NA,NA,"",866.822898E-03,-131.105959E-03
Z:/abaqus_part_2/b_2d.odb,load,Increment      1: Step Time =   2.2200E-16,"PART-1-1",204,94.9174500,4.71642256,0.,NA,NA,"",859.579921E-03,-731.196404E-03
Z:/abaqus_part_2/b_2d.odb,load,Increment      1: Step Time =   2.2200E-16,"PART-1-1",205,75.2315140,4.39426756,0.,NA,NA,"",844.035208E-03,-1.09492218
Z:/abaqus_part_2/b_2d.odb,load,Increment      1: Step Time =   2.2200E-16,"PART-1-1",206,-36.1027298,4.91152000,0.,NA,NA,"",217.625841E-03,-1.70219815
Z:/abaqus_part_2/b_2d.odb,load,Increment      1: Step Time =   2.2200E-16,"PART-1-1",207,-46.1221428,4.58391714,0.,NA,NA,"",193.611011E-03,-1.56670868
Z:/abaqus_part_2/b_2d.odb,load,Increment      1: Step Time =   2.2200E-16,"PART-1-1",208,-55.8692245,4.41576385,0.,NA,NA,"",172.754392E-03,-1.42013383
Z:/abaqus_part_2/b_2d.odb,load,Increment      1: Step Time =   2.2200E-16,"PART-1-1",209,-65.6555099,4.39268303,0.,NA,NA,"",155.827194E-03,-1.26074708
Z:/abaqus_part_2/b_2d.odb,load,Increment      1: Step Time =   2.2200E-16,"PART-1-1",210,-26.0750122,5.01580954,0.,NA,NA,"",237.391919E-03,-1.82118559
Z:/abaqus_part_2/b_2d.odb,load,Increment      1: Step Time =   2.2200E-16,"PART-1-1",211,-31.0924053,5.00143719,0.,NA,NA,"",228.252605E-03,-1.76370323
Z:/abaqus_part_2/b_2d.odb,load,Increment      1: Step Time =   2.2200E-16,"PART-1-1",212,-41.1296463,4.75235271,0.,NA,NA,"",205.725282E-03,-1.63627541
Z:/abaqus_part_2/b_2d.odb,load,Increment      1: Step Time =   2.2200E-16,"PART-1-1",213,-51.0265427,4.47920370,0.,NA,NA,"",182.662234E-03,-1.49462223
Z:/abaqus_part_2/b_2d.odb,load,Increment      1: Step Time =   2.2200E-16,"PART-1-1",214,-60.7488518,4.36695147,0.,NA,NA,"",163.441733E-03,-1.34205663
Z:/abaqus_part_2/b_2d.odb,load,Increment      1: Step Time =   2.2200E-16,"PART-1-1",215,-10.7896605,5.09680223,0.,NA,NA,"",257.400662E-03,-1.98035729
Z:/abaqus_part_2/b_2d.odb,load,Increment      1: Step Time =   2.2200E-16,"PART-1-1",216,-21.0279388,5.02310038,0.,NA,NA,"",245.567784E-03,-1.87536108
Z:/abaqus_part_2/b_2d.odb,load,Increment      1: Step Time =   2.2200E-16,"PART-1-1",217,-15.8985023,5.06104040,0.,NA,NA,"",252.677619E-03,-1.92792034
Z:/abaqus_part_2/b_2d.odb,load,Increment      1: Step Time =   2.2200E-16,"PART-1-1",218,15.7980766,4.92928362,0.,NA,NA,"",734.539866E-03,-1.92860651
Z:/abaqus_part_2/b_2d.odb,load,Increment      1: Step Time =   2.2200E-16,"PART-1-1",219,25.9066296,4.88622665,0.,NA,NA,"",749.700725E-03,-1.82283676
Z:/abaqus_part_2/b_2d.odb,load,Increment      1: Step Time =   2.2200E-16,"PART-1-1",220,35.9796600,4.84899807,0.,NA,NA,"",768.838346E-03,-1.70366192
Z:/abaqus_part_2/b_2d.odb,load,Increment      1: Step Time =   2.2200E-16,"PART-1-1",221,50.7507706,4.45134592,0.,NA,NA,"",803.146243E-03,-1.49875736
Z:/abaqus_part_2/b_2d.odb,load,Increment      1: Step Time =   2.2200E-16,"PART-1-1",222,60.5473862,4.32680702,0.,NA,NA,"",822.795212E-03,-1.34528601
Z:/abaqus_part_2/b_2d.odb,load,Increment      1: Step Time =   2.2200E-16,"PART-1-1",223,70.3280945,4.35702229,0.,NA,NA,"",837.814212E-03,-1.18088901
Z:/abaqus_part_2/b_2d.odb,load,Increment      1: Step Time =   2.2200E-16,"PART-1-1",224,89.9720306,4.57934475,0.,NA,NA,"",857.644320E-03,-824.952900E-03
Z:/abaqus_part_2/b_2d.odb,load,Increment      1: Step Time =   2.2200E-16,"PART-1-1",225,-75.3893356,4.63006639,0.,NA,NA,"",145.843804E-03,-1.09222043
Z:/abaqus_part_2/b_2d.odb,load,Increment      1: Step Time =   2.2200E-16,"PART-1-1",226,-85.2140274,4.82429504,0.,NA,NA,"",137.667492E-03,-913.903475E-03
Z:/abaqus_part_2/b_2d.odb,load,Increment      1: Step Time =   2.2200E-16,"PART-1-1",227,-100.080093,4.97810745,0.,NA,NA,"",127.287969E-03,-631.975114E-03
Z:/abaqus_part_2/b_2d.odb,load,Increment      1: Step Time =   2.2200E-16,"PART-1-1",228,-110.017746,5.06437206,0.,NA,NA,"",122.690693E-03,-437.393814E-03
Z:/abaqus_part_2/b_2d.odb,load,Increment      1: Step Time =   2.2200E-16,"PART-1-1",229,-119.976135,5.08615875,0.,NA,NA,"",119.190581E-03,-237.062007E-03
Z:/abaqus_part_2/b_2d.odb,load,Increment      1: Step Time =   2.2200E-16,"PART-1-1",230,-70.5199738,4.49693584,0.,NA,NA,"",150.244817E-03,-1.17764139
Z:/abaqus_part_2/b_2d.odb,load,Increment      1: Step Time =   2.2200E-16,"PART-1-1",231,-80.2894821,4.75440550,0.,NA,NA,"",141.932130E-03,-1.00421917
Z:/abaqus_part_2/b_2d.odb,load,Increment      1: Step Time =   2.2200E-16,"PART-1-1",232,-90.1605301,4.88730192,0.,NA,NA,"",133.863196E-03,-821.516812E-03
Z:/abaqus_part_2/b_2d.odb,load,Increment      1: Step Time =   2.2200E-16,"PART-1-1",233,-95.1151123,4.93653679,0.,NA,NA,"",130.378917E-03,-727.494597E-03
Z:/abaqus_part_2/b_2d.odb,load,Increment      1: Step Time =   2.2200E-16,"PART-1-1",234,-105.042793,5.02804041,0.,NA,NA,"",124.876387E-03,-535.347283E-03
Z:/abaqus_part_2/b_2d.odb,load,Increment      1: Step Time =   2.2200E-16,"PART-1-1",235,-114.988670,5.08916521,0.,NA,NA,"",120.823421E-03,-338.279277E-03
Z:/abaqus_part_2/b_2d.odb,load,Increment      1: Step Time =   2.2200E-16,"PART-1-1",236,-124.972778,5.06065464,0.,NA,NA,"",118.962511E-03,-130.710348E-03
Z:/abaqus_part_2/b_2d.odb,load,Increment      1: Step Time =   2.2200E-16,"PART-1-1",237,119.929382,5.11056709,0.,NA,NA,"",866.269171E-03,-238.009498E-03
Z:/abaqus_part_2/b_2d.odb,load,Increment      1: Step Time =   2.2200E-16,"PART-1-1",238,109.881615,5.10947180,0.,NA,NA,"",862.316310E-03,-440.068722E-03
Z:/abaqus_part_2/b_2d.odb,load,Increment      1: Step Time =   2.2200E-16,"PART-1-1",239,104.882835,5.01600504,0.,NA,NA,"",861.226320E-03,-538.447499E-03
Z:/abaqus_part_2/b_2d.odb,load,Increment      1: Step Time =   2.2200E-16,"PART-1-1",240,85.0444565,4.48753977,0.,NA,NA,"",854.263723E-03,-916.912079E-03
Z:/abaqus_part_2/b_2d.odb,load,Increment      1: Step Time =   2.2200E-16,"PART-1-1",241,65.4224930,4.32242584,0.,NA,NA,"",830.904901E-03,-1.26459599
Z:/abaqus_part_2/b_2d.odb,load,Increment      1: Step Time =   2.2200E-16,"PART-1-1",242,55.6421776,4.34405422,0.,NA,NA,"",813.870907E-03,-1.42366719
Z:/abaqus_part_2/b_2d.odb,load,Increment      1: Step Time =   2.2200E-16,"PART-1-1",243,45.8484802,4.60619211,0.,NA,NA,"",791.453302E-03,-1.57055807
Z:/abaqus_part_2/b_2d.odb,load,Increment      1: Step Time =   2.2200E-16,"PART-1-1",244,40.9377174,4.76041460,0.,NA,NA,"",779.703021E-03,-1.63877928
Z:/abaqus_part_2/b_2d.odb,load,Increment      1: Step Time =   2.2200E-16,"PART-1-1",245,30.9771194,4.86828899,0.,NA,NA,"",759.039342E-03,-1.76493025
Z:/abaqus_part_2/b_2d.odb,load,Increment      1: Step Time =   2.2200E-16,"PART-1-1",246,20.8375854,4.89477015,0.,NA,NA,"",741.475403E-03,-1.87704909
Z:/abaqus_part_2/b_2d.odb,load,Increment      1: Step Time =   2.2200E-16,"PART-1-1",247,10.7747049,4.96555090,0.,NA,NA,"",729.896724E-03,-1.98017359
Z:/abaqus_part_2/b_2d.odb,load,Increment      1: Step Time =   2.2200E-16,"PART-1-1",248,124.877831,20.0559921,0.,NA,NA,"",573.626935E-03,-140.722513E-03
Z:/abaqus_part_2/b_2d.odb,load,Increment      1: Step Time =   2.2200E-16,"PART-1-1",249,124.882683,29.9985352,0.,NA,NA,"",383.783311E-03,-143.223599E-03
Z:/abaqus_part_2/b_2d.odb,load,Increment      1: Step Time =   2.2200E-16,"PART-1-1",250,-124.821045,25.1081295,0.,NA,NA,"",508.672595E-03,-143.529922E-03
Z:/abaqus_part_2/b_2d.odb,load,Increment      1: Step Time =   2.2200E-16,"PART-1-1",251,-124.872398,15.1447353,0.,NA,NA,"",318.369240E-03,-138.442695E-03
Z:/abaqus_part_2/b_2d.odb,load,Increment      1: Step Time =   2.2200E-16,"PART-1-1",252,124.892021,34.9948235,0.,NA,NA,"",287.532538E-03,-143.426701E-03
Z:/abaqus_part_2/b_2d.odb,load,Increment      1: Step Time =   2.2200E-16,"PART-1-1",253,124.879593,25.0180569,0.,NA,NA,"",479.021460E-03,-142.340675E-03
Z:/abaqus_part_2/b_2d.odb,load,Increment      1: Step Time =   2.2200E-16,"PART-1-1",254,124.886581,15.0904121,0.,NA,NA,"",668.654144E-03,-138.108745E-03
Z:/abaqus_part_2/b_2d.odb,load,Increment      1: Step Time =   2.2200E-16,"PART-1-1",255,124.907097,10.0977411,0.,NA,NA,"",765.547752E-03,-134.619340E-03
Z:/abaqus_part_2/b_2d.odb,load,Increment      1: Step Time =   2.2200E-16,"PART-1-1",256,-124.916214,10.1066961,0.,NA,NA,"",220.604390E-03,-134.450004E-03
Z:/abaqus_part_2/b_2d.odb,load,Increment      1: Step Time =   2.2200E-16,"PART-1-1",257,-124.844505,20.1364765,0.,NA,NA,"",413.885921E-03,-141.432792E-03
Z:/abaqus_part_2/b_2d.odb,load,Increment      1: Step Time =   2.2200E-16,"PART-1-1",258,-124.841972,30.0505123,0.,NA,NA,"",603.187263E-03,-144.042879E-03
Z:/abaqus_part_2/b_2d.odb,load,Increment      1: Step Time =   2.2200E-16,"PART-1-1",259,-124.867958,35.0078278,0.,NA,NA,"",698.692381E-03,-143.914506E-03
Z:/abaqus_part_2/b_2d.odb,load,Increment      1: Step Time =   2.2200E-16,"PART-1-1",260,-38.0498886,35.3373795,0.,NA,NA,"",610.542834E-03,-1.68609715
Z:/abaqus_part_2/b_2d.odb,load,Increment      1: Step Time =   2.2200E-16,"PART-1-1",261,38.0565262,35.1773262,0.,NA,NA,"",377.529263E-03,-1.68603885
Z:/abaqus_part_2/b_2d.odb,load,Increment      1: Step Time =   2.2200E-16,"PART-1-1",262,27.8273163,35.4815865,0.,NA,NA,"",396.942675E-03,-1.81217539
Z:/abaqus_part_2/b_2d.odb,load,Increment      1: Step Time =   2.2200E-16,"PART-1-1",263,48.3282585,35.0467072,0.,NA,NA,"",362.059236E-03,-1.54137778
Z:/abaqus_part_2/b_2d.odb,load,Increment      1: Step Time =   2.2200E-16,"PART-1-1",264,58.6430550,35.1774635,0.,NA,NA,"",341.100633E-03,-1.37729359
Z:/abaqus_part_2/b_2d.odb,load,Increment      1: Step Time =   2.2200E-16,"PART-1-1",265,68.8702774,35.2812996,0.,NA,NA,"",323.564768E-03,-1.20606518
Z:/abaqus_part_2/b_2d.odb,load,Increment      1: Step Time =   2.2200E-16,"PART-1-1",266,79.0526733,35.3277779,0.,NA,NA,"",309.340209E-03,-1.02629709
Z:/abaqus_part_2/b_2d.odb,load,Increment      1: Step Time =   2.2200E-16,"PART-1-1",267,94.3258591,35.2802162,0.,NA,NA,"",294.674486E-03,-741.771400E-03
Z:/abaqus_part_2/b_2d.odb,load,Increment      1: Step Time =   2.2200E-16,"PART-1-1",268,104.517868,35.2025795,0.,NA,NA,"",289.104164E-03,-544.333100E-03
Z:/abaqus_part_2/b_2d.odb,load,Increment      1: Step Time =   2.2200E-16,"PART-1-1",269,114.681259,35.0320053,0.,NA,NA,"",288.259655E-03,-344.137996E-03
Z:/abaqus_part_2/b_2d.odb,load,Increment      1: Step Time =   2.2200E-16,"PART-1-1",270,17.7188663,35.8225784,0.,NA,NA,"",420.418054E-03,-1.92631567
Z:/abaqus_part_2/b_2d.odb,load,Increment      1: Step Time =   2.2200E-16,"PART-1-1",271,7.98680258,36.1429558,0.,NA,NA,"",454.646587E-03,-2.01149273
Z:/abaqus_part_2/b_2d.odb,load,Increment      1: Step Time =   2.2200E-16,"PART-1-1",272,-13.0402098,35.0681839,0.,NA,NA,"",544.830561E-03,-1.97369409
Z:/abaqus_part_2/b_2d.odb,load,Increment      1: Step Time =   2.2200E-16,"PART-1-1",273,-23.2048550,35.5630226,0.,NA,NA,"",578.509688E-03,-1.86634505
Z:/abaqus_part_2/b_2d.odb,load,Increment      1: Step Time =   2.2200E-16,"PART-1-1",274,-33.0623360,35.3939133,0.,NA,NA,"",599.996388E-03,-1.74825513
Z:/abaqus_part_2/b_2d.odb,load,Increment      1: Step Time =   2.2200E-16,"PART-1-1",275,-53.3896332,35.0506630,0.,NA,NA,"",633.728087E-03,-1.46157300
Z:/abaqus_part_2/b_2d.odb,load,Increment      1: Step Time =   2.2200E-16,"PART-1-1",276,-63.6918602,34.9455185,0.,NA,NA,"",649.154842E-03,-1.29413235
Z:/abaqus_part_2/b_2d.odb,load,Increment      1: Step Time =   2.2200E-16,"PART-1-1",277,-73.9642868,35.0053101,0.,NA,NA,"",664.613128E-03,-1.11739802
Z:/abaqus_part_2/b_2d.odb,load,Increment      1: Step Time =   2.2200E-16,"PART-1-1",278,-84.1873322,35.1375008,0.,NA,NA,"",679.036021E-03,-932.553053E-03
Z:/abaqus_part_2/b_2d.odb,load,Increment      1: Step Time =   2.2200E-16,"PART-1-1",279,-99.4039383,35.2667999,0.,NA,NA,"",694.903076E-03,-644.016743E-03
Z:/abaqus_part_2/b_2d.odb,load,Increment      1: Step Time =   2.2200E-16,"PART-1-1",280,-109.513931,35.1868019,0.,NA,NA,"",698.963284E-03,-446.146041E-03
Z:/abaqus_part_2/b_2d.odb,load,Increment      1: Step Time =   2.2200E-16,"PART-1-1",281,-119.727066,35.0515556,0.,NA,NA,"",699.103534E-03,-244.661018E-03
Z:/abaqus_part_2/b_2d.odb,load,Increment      1: Step Time =   2.2200E-16,"PART-1-1",282,53.4869041,35.0952835,0.,NA,NA,"",351.378411E-03,-1.46001971
Z:/abaqus_part_2/b_2d.odb,load,Increment      1: Step Time =   2.2200E-16,"PART-1-1",283,63.7651138,35.2473412,0.,NA,NA,"",331.733972E-03,-1.29273427
Z:/abaqus_part_2/b_2d.odb,load,Increment      1: Step Time =   2.2200E-16,"PART-1-1",284,73.9608459,35.3207474,0.,NA,NA,"",315.884024E-03,-1.11729550
Z:/abaqus_part_2/b_2d.odb,load,Increment      1: Step Time =   2.2200E-16,"PART-1-1",285,84.1440811,35.3396378,0.,NA,NA,"",303.309053E-03,-933.251798E-03
Z:/abaqus_part_2/b_2d.odb,load,Increment      1: Step Time =   2.2200E-16,"PART-1-1",286,89.2373047,35.3209648,0.,NA,NA,"",298.456222E-03,-838.303506E-03
Z:/abaqus_part_2/b_2d.odb,load,Increment      1: Step Time =   2.2200E-16,"PART-1-1",287,99.4403763,35.2786636,0.,NA,NA,"",290.811509E-03,-643.290699E-03
Z:/abaqus_part_2/b_2d.odb,load,Increment      1: Step Time =   2.2200E-16,"PART-1-1",288,109.593605,35.1125793,0.,NA,NA,"",288.409472E-03,-444.560289E-03
Z:/abaqus_part_2/b_2d.odb,load,Increment      1: Step Time =   2.2200E-16,"PART-1-1",289,119.784248,35.0050354,0.,NA,NA,"",287.763596E-03,-243.517563E-03
Z:/abaqus_part_2/b_2d.odb,load,Increment      1: Step Time =   2.2200E-16,"PART-1-1",290,-28.1238518,35.5039291,0.,NA,NA,"",589.990199E-03,-1.80860913
Z:/abaqus_part_2/b_2d.odb,load,Increment      1: Step Time =   2.2200E-16,"PART-1-1",291,-18.2026596,35.4704895,0.,NA,NA,"",563.886166E-03,-1.92175686
Z:/abaqus_part_2/b_2d.odb,load,Increment      1: Step Time =   2.2200E-16,"PART-1-1",292,-7.74049044,34.4992867,0.,NA,NA,"",523.352861E-03,-2.01592684
Z:/abaqus_part_2/b_2d.odb,load,Increment      1: Step Time =   2.2200E-16,"PART-1-1",293,-1.80581081,34.0074959,0.,NA,NA,"",499.824107E-03,-2.04419494
Z:/abaqus_part_2/b_2d.odb,load,Increment      1: Step Time =   2.2200E-16,"PART-1-1",294,3.24933672,35.8466797,0.,NA,NA,"",477.557302E-03,-2.03539824
Z:/abaqus_part_2/b_2d.odb,load,Increment      1: Step Time =   2.2200E-16,"PART-1-1",295,12.7709675,36.0165901,0.,NA,NA,"",435.726851E-03,-1.97434807
Z:/abaqus_part_2/b_2d.odb,load,Increment      1: Step Time =   2.2200E-16,"PART-1-1",296,22.7420406,35.6488342,0.,NA,NA,"",407.774955E-03,-1.87148023
Z:/abaqus_part_2/b_2d.odb,load,Increment      1: Step Time =   2.2200E-16,"PART-1-1",297,32.9487000,35.3225784,0.,NA,NA,"",387.119472E-03,-1.74971843
Z:/abaqus_part_2/b_2d.odb,load,Increment      1: Step Time =   2.2200E-16,"PART-1-1",298,-114.603424,35.1175919,0.,NA,NA,"",699.350119E-03,-345.689744E-03
Z:/abaqus_part_2/b_2d.odb,load,Increment      1: Step Time =   2.2200E-16,"PART-1-1",299,-104.448792,35.2308540,0.,NA,NA,"",697.365403E-03,-545.700729E-03
Z:/abaqus_part_2/b_2d.odb,load,Increment      1: Step Time =   2.2200E-16,"PART-1-1",300,-94.3488846,35.2435493,0.,NA,NA,"",690.624058E-03,-741.372049E-03
Z:/abaqus_part_2/b_2d.odb,load,Increment      1: Step Time =   2.2200E-16,"PART-1-1",301,-89.2733688,35.1836205,0.,NA,NA,"",685.008764E-03,-837.698638E-03
Z:/abaqus_part_2/b_2d.odb,load,Increment      1: Step Time =   2.2200E-16,"PART-1-1",302,-79.0771790,35.0539131,0.,NA,NA,"",671.790659E-03,-1.02599406
Z:/abaqus_part_2/b_2d.odb,load,Increment      1: Step Time =   2.2200E-16,"PART-1-1",303,-68.8422165,34.9549599,0.,NA,NA,"",656.846941E-03,-1.20672965
Z:/abaqus_part_2/b_2d.odb,load,Increment      1: Step Time =   2.2200E-16,"PART-1-1",304,-58.5218620,34.9587555,0.,NA,NA,"",641.169071E-03,-1.37936866
Z:/abaqus_part_2/b_2d.odb,load,Increment      1: Step Time =   2.2200E-16,"PART-1-1",305,-48.2503738,35.1773491,0.,NA,NA,"",625.700533E-03,-1.54260778
Z:/abaqus_part_2/b_2d.odb,load,Increment      1: Step Time =   2.2200E-16,"PART-1-1",306,43.1842766,35.0643463,0.,NA,NA,"",370.137453E-03,-1.61885178
Z:/abaqus_part_2/b_2d.odb,load,Increment      1: Step Time =   2.2200E-16,"PART-1-1",307,-43.0985641,35.2921524,0.,NA,NA,"",618.903041E-03,-1.62029707
Z:/abaqus_part_2/b_2d.odb,load,Increment      1: Step Time =   2.2200E-16,"PART-1-1",308,-5.66584015,23.8701401,0.,NA,NA,"",483.712226E-03,-2.03866792
Z:/abaqus_part_2/b_2d.odb,load,Increment      1: Step Time =   2.2200E-16,"PART-1-1",309,-169.402316E-03,25.5132446,0.,NA,NA,"",492.839992E-03,-2.06585383
Z:/abaqus_part_2/b_2d.odb,load,Increment      1: Step Time =   2.2200E-16,"PART-1-1",310,-5.74978209,5.05088711,0.,NA,NA,"",258.704662E-03,-2.03525424
Z:/abaqus_part_2/b_2d.odb,load,Increment      1: Step Time =   2.2200E-16,"PART-1-1",311,74.9961395,8.78856564,0.,NA,NA,"",767.818451E-03,-1.10085595
Z:/abaqus_part_2/b_2d.odb,load,Increment      1: Step Time =   2.2200E-16,"PART-1-1",312,94.4766769,9.29667473,0.,NA,NA,"",773.704052E-03,-740.726471E-03
Z:/abaqus_part_2/b_2d.odb,load,Increment      1: Step Time =   2.2200E-16,"PART-1-1",313,-10.6569271,10.1268082,0.,NA,NA,"",319.665611E-03,-1.98204935
Z:/abaqus_part_2/b_2d.odb,load,Increment      1: Step Time =   2.2200E-16,"PART-1-1",314,10.6869974,9.82669830,0.,NA,NA,"",669.861555E-03,-1.98136318
Z:/abaqus_part_2/b_2d.odb,load,Increment      1: Step Time =   2.2200E-16,"PART-1-1",315,41.2765274,9.60735321,0.,NA,NA,"",715.039372E-03,-1.63733017
Z:/abaqus_part_2/b_2d.odb,load,Increment      1: Step Time =   2.2200E-16,"PART-1-1",316,31.1836414,9.61717510,0.,NA,NA,"",700.703442E-03,-1.76578546
Z:/abaqus_part_2/b_2d.odb,load,Increment      1: Step Time =   2.2200E-16,"PART-1-1",317,20.8723946,9.60770226,0.,NA,NA,"",685.805440E-03,-1.87987375
Z:/abaqus_part_2/b_2d.odb,load,Increment      1: Step Time =   2.2200E-16,"PART-1-1",318,84.7097015,8.93799400,0.,NA,NA,"",773.609996E-03,-924.539506E-03
Z:/abaqus_part_2/b_2d.odb,load,Increment      1: Step Time =   2.2200E-16,"PART-1-1",319,104.488152,9.99293232,0.,NA,NA,"",765.314102E-03,-546.918035E-03
Z:/abaqus_part_2/b_2d.odb,load,Increment      1: Step Time =   2.2200E-16,"PART-1-1",320,-85.0425262,9.78091431,0.,NA,NA,"",227.250665E-03,-918.598115E-03
Z:/abaqus_part_2/b_2d.odb,load,Increment      1: Step Time =   2.2200E-16,"PART-1-1",321,-75.2273483,9.42082977,0.,NA,NA,"",228.821263E-03,-1.09694326
Z:/abaqus_part_2/b_2d.odb,load,Increment      1: Step Time =   2.2200E-16,"PART-1-1",322,119.740051,15.1732473,0.,NA,NA,"",666.826785E-03,-242.362499E-03
Z:/abaqus_part_2/b_2d.odb,load,Increment      1: Step Time =   2.2200E-16,"PART-1-1",323,119.722778,25.0495815,0.,NA,NA,"",478.425026E-03,-244.254872E-03
Z:/abaqus_part_2/b_2d.odb,load,Increment      1: Step Time =   2.2200E-16,"PART-1-1",324,-119.762772,15.2293568,0.,NA,NA,"",320.229560E-03,-241.927266E-03
Z:/abaqus_part_2/b_2d.odb,load,Increment      1: Step Time =   2.2200E-16,"PART-1-1",325,-9.66614246,21.7724133,0.,NA,NA,"",457.618117E-03,-2.00159335
Z:/abaqus_part_2/b_2d.odb,load,Increment      1: Step Time =   2.2200E-16,"PART-1-1",326,6.03366327,24.1741428,0.,NA,NA,"",501.280427E-03,-2.03630614
Z:/abaqus_part_2/b_2d.odb,load,Increment      1: Step Time =   2.2200E-16,"PART-1-1",327,-3.50124240,29.5188026,0.,NA,NA,"",499.161899E-03,-2.04382825
Z:/abaqus_part_2/b_2d.odb,load,Increment      1: Step Time =   2.2200E-16,"PART-1-1",328,-53.1397476,30.0815773,0.,NA,NA,"",558.011949E-03,-1.46791136
Z:/abaqus_part_2/b_2d.odb,load,Increment      1: Step Time =   2.2200E-16,"PART-1-1",329,-32.9023590,30.6218681,0.,NA,NA,"",542.019784E-03,-1.75277555
Z:/abaqus_part_2/b_2d.odb,load,Increment      1: Step Time =   2.2200E-16,"PART-1-1",330,-23.4234028,31.1955376,0.,NA,NA,"",534.639299E-03,-1.86619949
Z:/abaqus_part_2/b_2d.odb,load,Increment      1: Step Time =   2.2200E-16,"PART-1-1",331,-13.8178263,30.5399609,0.,NA,NA,"",516.154051E-03,-1.96872985
Z:/abaqus_part_2/b_2d.odb,load,Increment      1: Step Time =   2.2200E-16,"PART-1-1",332,8.06510830,32.2545319,0.,NA,NA,"",470.637888E-03,-2.01606226
Z:/abaqus_part_2/b_2d.odb,load,Increment      1: Step Time =   2.2200E-16,"PART-1-1",333,22.4016705,31.2779579,0.,NA,NA,"",451.904953E-03,-1.87767851
Z:/abaqus_part_2/b_2d.odb,load,Increment      1: Step Time =   2.2200E-16,"PART-1-1",334,32.6255341,30.6657372,0.,NA,NA,"",443.831921E-03,-1.75618839
Z:/abaqus_part_2/b_2d.odb,load,Increment      1: Step Time =   2.2200E-16,"PART-1-1",335,-94.4063721,30.3578453,0.,NA,NA,"",599.762261E-03,-741.509378E-03
Z:/abaqus_part_2/b_2d.odb,load,Increment      1: Step Time =   2.2200E-16,"PART-1-1",336,-84.3028336,30.1838379,0.,NA,NA,"",590.030015E-03,-931.994140E-03
Z:/abaqus_part_2/b_2d.odb,load,Increment      1: Step Time =   2.2200E-16,"PART-1-1",337,-74.0443039,29.9514103,0.,NA,NA,"",577.784598E-03,-1.11791766
Z:/abaqus_part_2/b_2d.odb,load,Increment      1: Step Time =   2.2200E-16,"PART-1-1",338,-63.6582794,29.8939667,0.,NA,NA,"",566.956460E-03,-1.29699051
Z:/abaqus_part_2/b_2d.odb,load,Increment      1: Step Time =   2.2200E-16,"PART-1-1",339,84.1430054,30.7627888,0.,NA,NA,"",385.694176E-03,-934.771657E-03
Z:/abaqus_part_2/b_2d.odb,load,Increment      1: Step Time =   2.2200E-16,"PART-1-1",340,53.5463753,30.2292480,0.,NA,NA,"",425.242931E-03,-1.46149480
Z:/abaqus_part_2/b_2d.odb,load,Increment      1: Step Time =   2.2200E-16,"PART-1-1",341,63.8965378,30.5981560,0.,NA,NA,"",407.374829E-03,-1.29268503
Z:/abaqus_part_2/b_2d.odb,load,Increment      1: Step Time =   2.2200E-16,"PART-1-1",342,74.0343475,30.7386951,0.,NA,NA,"",394.718766E-03,-1.11781895
Z:/abaqus_part_2/b_2d.odb,load,Increment      1: Step Time =   2.2200E-16,"PART-1-1",343,42.9783554,30.0508099,0.,NA,NA,"",439.341038E-03,-1.62065363
Z:/abaqus_part_2/b_2d.odb,load,Increment      1: Step Time =   2.2200E-16,"PART-1-1",344,-42.7998466,30.6737080,0.,NA,NA,"",554.987609E-03,-1.62336397
Z:/abaqus_part_2/b_2d.odb,load,Increment      1: Step Time =   2.2200E-16,"PART-1-1",345,-60.9789314,8.73883629,0.,NA,NA,"",232.464030E-03,-1.34055221
Z:/abaqus_part_2/b_2d.odb,load,Increment      1: Step Time =   2.2200E-16,"PART-1-1",346,60.5000763,8.62781048,0.,NA,NA,"",754.626513E-03,-1.34828222
Z:/abaqus_part_2/b_2d.odb,load,Increment      1: Step Time =   2.2200E-16,"PART-1-1",347,-94.9380569,9.93423271,0.,NA,NA,"",223.865703E-03,-732.026756E-03
Z:/abaqus_part_2/b_2d.odb,load,Increment      1: Step Time =   2.2200E-16,"PART-1-1",348,-51.5286674,9.05581093,0.,NA,NA,"",249.258831E-03,-1.48971176
Z:/abaqus_part_2/b_2d.odb,load,Increment      1: Step Time =   2.2200E-16,"PART-1-1",349,50.9269638,8.83695984,0.,NA,NA,"",739.066839E-03,-1.49872828
Z:/abaqus_part_2/b_2d.odb,load,Increment      1: Step Time =   2.2200E-16,"PART-1-1",350,-104.856743,10.0795031,0.,NA,NA,"",222.177252E-03,-539.726913E-03
Z:/abaqus_part_2/b_2d.odb,load,Increment      1: Step Time =   2.2200E-16,"PART-1-1",351,94.3519745,30.5600510,0.,NA,NA,"",382.497340E-03,-742.471516E-03
Z:/abaqus_part_2/b_2d.odb,load,Increment      1: Step Time =   2.2200E-16,"PART-1-1",352,-104.403397,30.3583260,0.,NA,NA,"",604.726911E-03,-547.459304E-03
Z:/abaqus_part_2/b_2d.odb,load,Increment      1: Step Time =   2.2200E-16,"PART-1-1",353,104.461746,30.4597263,0.,NA,NA,"",379.300147E-03,-546.272695E-03
Z:/abaqus_part_2/b_2d.odb,load,Increment      1: Step Time =   2.2200E-16,"PART-1-1",354,-41.7095642,9.43187332,0.,NA,NA,"",267.933518E-03,-1.63143313
Z:/abaqus_part_2/b_2d.odb,load,Increment      1: Step Time =   2.2200E-16,"PART-1-1",355,114.700233,10.2117386,0.,NA,NA,"",763.417363E-03,-344.289511E-03
Z:/abaqus_part_2/b_2d.odb,load,Increment      1: Step Time =   2.2200E-16,"PART-1-1",356,-114.837318,10.1784010,0.,NA,NA,"",221.890271E-03,-341.549307E-03
Z:/abaqus_part_2/b_2d.odb,load,Increment      1: Step Time =   2.2200E-16,"PART-1-1",357,-114.523140,30.2215710,0.,NA,NA,"",605.369985E-03,-347.597092E-03
Z:/abaqus_part_2/b_2d.odb,load,Increment      1: Step Time =   2.2200E-16,"PART-1-1",358,114.613365,30.0743389,0.,NA,NA,"",383.396387E-03,-345.795453E-03
Z:/abaqus_part_2/b_2d.odb,load,Increment      1: Step Time =   2.2200E-16,"PART-1-1",359,-31.4925804,10.0215216,0.,NA,NA,"",289.838791E-03,-1.76241064
Z:/abaqus_part_2/b_2d.odb,load,Increment      1: Step Time =   2.2200E-16,"PART-1-1",360,-21.2627869,9.86332703,0.,NA,NA,"",302.576125E-03,-1.87624049
Z:/abaqus_part_2/b_2d.odb,load,Increment      1: Step Time =   2.2200E-16,"PART-1-1",361,74.7458420,13.1622734,0.,NA,NA,"",692.907453E-03,-1.10645580
Z:/abaqus_part_2/b_2d.odb,load,Increment      1: Step Time =   2.2200E-16,"PART-1-1",362,-74.8538971,14.4293928,0.,NA,NA,"",314.570278E-03,-1.10478425
Z:/abaqus_part_2/b_2d.odb,load,Increment      1: Step Time =   2.2200E-16,"PART-1-1",363,-11.8515081,24.8030796,0.,NA,NA,"",477.853805E-03,-1.98544407
Z:/abaqus_part_2/b_2d.odb,load,Increment      1: Step Time =   2.2200E-16,"PART-1-1",364,12.0308027,27.6824303,0.,NA,NA,"",488.949358E-03,-1.98530459
Z:/abaqus_part_2/b_2d.odb,load,Increment      1: Step Time =   2.2200E-16,"PART-1-1",365,-23.3420315,26.9941368,0.,NA,NA,"",492.299110E-03,-1.86704123
Z:/abaqus_part_2/b_2d.odb,load,Increment      1: Step Time =   2.2200E-16,"PART-1-1",366,21.9629726,26.9533215,0.,NA,NA,"",494.593918E-03,-1.88232696
Z:/abaqus_part_2/b_2d.odb,load,Increment      1: Step Time =   2.2200E-16,"PART-1-1",367,84.3959427,13.3086300,0.,NA,NA,"",695.382774E-03,-931.253850E-03
Z:/abaqus_part_2/b_2d.odb,load,Increment      1: Step Time =   2.2200E-16,"PART-1-1",368,-84.8410492,14.8600941,0.,NA,NA,"",318.002403E-03,-923.228681E-03
Z:/abaqus_part_2/b_2d.odb,load,Increment      1: Step Time =   2.2200E-16,"PART-1-1",369,-32.6511116,25.5667858,0.,NA,NA,"",480.668932E-03,-1.75624216
Z:/abaqus_part_2/b_2d.odb,load,Increment      1: Step Time =   2.2200E-16,"PART-1-1",370,32.1228714,26.1136436,0.,NA,NA,"",499.060184E-03,-1.76274753
Z:/abaqus_part_2/b_2d.odb,load,Increment      1: Step Time =   2.2200E-16,"PART-1-1",371,-61.2755966,12.9865046,0.,NA,NA,"",299.002767E-03,-1.33716524
Z:/abaqus_part_2/b_2d.odb,load,Increment      1: Step Time =   2.2200E-16,"PART-1-1",372,60.3582535,12.9163713,0.,NA,NA,"",687.319696E-03,-1.35215735
Z:/abaqus_part_2/b_2d.odb,load,Increment      1: Step Time =   2.2200E-16,"PART-1-1",373,-42.5216637,26.3517113,0.,NA,NA,"",496.018022E-03,-1.62656653
Z:/abaqus_part_2/b_2d.odb,load,Increment      1: Step Time =   2.2200E-16,"PART-1-1",374,42.6829987,24.9076023,0.,NA,NA,"",509.455383E-03,-1.62407732
Z:/abaqus_part_2/b_2d.odb,load,Increment      1: Step Time =   2.2200E-16,"PART-1-1",375,93.9653778,13.6683922,0.,NA,NA,"",692.679405E-03,-751.113474E-03
Z:/abaqus_part_2/b_2d.odb,load,Increment      1: Step Time =   2.2200E-16,"PART-1-1",376,-94.7630768,15.0282755,0.,NA,NA,"",318.115592E-03,-735.963762E-03
Z:/abaqus_part_2/b_2d.odb,load,Increment      1: Step Time =   2.2200E-16,"PART-1-1",377,-52.6319771,24.9779568,0.,NA,NA,"",481.968999E-03,-1.47672677
Z:/abaqus_part_2/b_2d.odb,load,Increment      1: Step Time =   2.2200E-16,"PART-1-1",378,53.8114395,25.4630680,0.,NA,NA,"",496.108651E-03,-1.45830119
Z:/abaqus_part_2/b_2d.odb,load,Increment      1: Step Time =   2.2200E-16,"PART-1-1",379,-63.6310501,24.9537621,0.,NA,NA,"",487.675488E-03,-1.29880166
Z:/abaqus_part_2/b_2d.odb,load,Increment      1: Step Time =   2.2200E-16,"PART-1-1",380,64.1411438,26.0897789,0.,NA,NA,"",479.830146E-03,-1.28993046
Z:/abaqus_part_2/b_2d.odb,load,Increment      1: Step Time =   2.2200E-16,"PART-1-1",381,-51.9633522,13.8704653,0.,NA,NA,"",319.469452E-03,-1.48514163
Z:/abaqus_part_2/b_2d.odb,load,Increment      1: Step Time =   2.2200E-16,"PART-1-1",382,51.2177010,13.0156832,0.,NA,NA,"",678.394556E-03,-1.49618948
Z:/abaqus_part_2/b_2d.odb,load,Increment      1: Step Time =   2.2200E-16,"PART-1-1",383,103.955994,15.0085287,0.,NA,NA,"",669.892371E-03,-557.580233E-03
Z:/abaqus_part_2/b_2d.odb,load,Increment      1: Step Time =   2.2200E-16,"PART-1-1",384,-104.665665,15.1698608,0.,NA,NA,"",319.027990E-03,-543.669820E-03
Z:/abaqus_part_2/b_2d.odb,load,Increment      1: Step Time =   2.2200E-16,"PART-1-1",385,-74.1441956,24.8032665,0.,NA,NA,"",490.277678E-03,-1.11738038
Z:/abaqus_part_2/b_2d.odb,load,Increment      1: Step Time =   2.2200E-16,"PART-1-1",386,74.1526566,26.2740822,0.,NA,NA,"",470.746517E-03,-1.11692023
Z:/abaqus_part_2/b_2d.odb,load,Increment      1: Step Time =   2.2200E-16,"PART-1-1",387,-84.4548416,25.1316986,0.,NA,NA,"",500.135601E-03,-930.201232E-03
Z:/abaqus_part_2/b_2d.odb,load,Increment      1: Step Time =   2.2200E-16,"PART-1-1",388,84.1048431,26.3151741,0.,NA,NA,"",464.970082E-03,-936.471999E-03
Z:/abaqus_part_2/b_2d.odb,load,Increment      1: Step Time =   2.2200E-16,"PART-1-1",389,-42.4597244,13.9543562,0.,NA,NA,"",328.310043E-03,-1.62348557
Z:/abaqus_part_2/b_2d.odb,load,Increment      1: Step Time =   2.2200E-16,"PART-1-1",390,41.7256165,14.6408319,0.,NA,NA,"",647.738636E-03,-1.63389719
Z:/abaqus_part_2/b_2d.odb,load,Increment      1: Step Time =   2.2200E-16,"PART-1-1",391,-94.4909058,25.3262386,0.,NA,NA,"",507.122219E-03,-740.762949E-03
Z:/abaqus_part_2/b_2d.odb,load,Increment      1: Step Time =   2.2200E-16,"PART-1-1",392,94.4899979,25.6228409,0.,NA,NA,"",473.381639E-03,-740.743518E-03
Z:/abaqus_part_2/b_2d.odb,load,Increment      1: Step Time =   2.2200E-16,"PART-1-1",393,114.533218,15.2378750,0.,NA,NA,"",665.856659E-03,-347.544670E-03
Z:/abaqus_part_2/b_2d.odb,load,Increment      1: Step Time =   2.2200E-16,"PART-1-1",394,-10.5514612,15.3121433,0.,NA,NA,"",385.695159E-03,-1.98549855
Z:/abaqus_part_2/b_2d.odb,load,Increment      1: Step Time =   2.2200E-16,"PART-1-1",395,10.9354591,19.1192169,0.,NA,NA,"",557.710290E-03,-1.98609686
Z:/abaqus_part_2/b_2d.odb,load,Increment      1: Step Time =   2.2200E-16,"PART-1-1",396,-104.419785,25.3642826,0.,NA,NA,"",510.727346E-03,-547.822416E-03
Z:/abaqus_part_2/b_2d.odb,load,Increment      1: Step Time =   2.2200E-16,"PART-1-1",397,104.233658,25.7069492,0.,NA,NA,"",468.875855E-03,-551.405370E-03
Z:/abaqus_part_2/b_2d.odb,load,Increment      1: Step Time =   2.2200E-16,"PART-1-1",398,15.8556690,14.3055420,0.,NA,NA,"",622.236967E-03,-1.93426216
Z:/abaqus_part_2/b_2d.odb,load,Increment      1: Step Time =   2.2200E-16,"PART-1-1",399,-16.1924362,14.3220768,0.,NA,NA,"",363.210887E-03,-1.93128192
Z:/abaqus_part_2/b_2d.odb,load,Increment      1: Step Time =   2.2200E-16,"PART-1-1",400,-119.645798,25.2062874,0.,NA,NA,"",510.526896E-03,-245.820805E-03
Z:/abaqus_part_2/b_2d.odb,load,Increment      1: Step Time =   2.2200E-16,"PART-1-1",401,114.517685,25.1175289,0.,NA,NA,"",477.702588E-03,-347.823888E-03
Z:/abaqus_part_2/b_2d.odb,load,Increment      1: Step Time =   2.2200E-16,"PART-1-1",402,-114.686783,15.2500811,0.,NA,NA,"",320.361257E-03,-344.474316E-03
Z:/abaqus_part_2/b_2d.odb,load,Increment      1: Step Time =   2.2200E-16,"PART-1-1",403,-31.9313374,15.1606045,0.,NA,NA,"",353.343487E-03,-1.76055121
Z:/abaqus_part_2/b_2d.odb,load,Increment      1: Step Time =   2.2200E-16,"PART-1-1",404,31.2937622,14.1839457,0.,NA,NA,"",644.179881E-03,-1.76750743
Z:/abaqus_part_2/b_2d.odb,load,Increment      1: Step Time =   2.2200E-16,"PART-1-1",405,-21.4359341,14.4154911,0.,NA,NA,"",356.356055E-03,-1.87825644
Z:/abaqus_part_2/b_2d.odb,load,Increment      1: Step Time =   2.2200E-16,"PART-1-1",406,20.9815636,14.1098595,0.,NA,NA,"",632.538319E-03,-1.88253891
Z:/abaqus_part_2/b_2d.odb,load,Increment      1: Step Time =   2.2200E-16,"PART-1-1",407,-114.514503,25.2845669,0.,NA,NA,"",511.440694E-03,-347.904295E-03
Z:/abaqus_part_2/b_2d.odb,load,Increment      1: Step Time =   2.2200E-16,"PART-1-1",408,79.5946503,13.2266359,0.,NA,NA,"",694.461226E-03,-1.01932979
Z:/abaqus_part_2/b_2d.odb,load,Increment      1: Step Time =   2.2200E-16,"PART-1-1",409,-79.8363419,14.7113762,0.,NA,NA,"",317.260802E-03,-1.01517951
Z:/abaqus_part_2/b_2d.odb,load,Increment      1: Step Time =   2.2200E-16,"PART-1-1",410,-19.2348766,27.3547039,0.,NA,NA,"",494.429410E-03,-1.91247058
Z:/abaqus_part_2/b_2d.odb,load,Increment      1: Step Time =   2.2200E-16,"PART-1-1",411,16.4876194,23.0246391,0.,NA,NA,"",529.979229E-03,-1.93778896
Z:/abaqus_part_2/b_2d.odb,load,Increment      1: Step Time =   2.2200E-16,"PART-1-1",412,89.1876526,13.4121418,0.,NA,NA,"",695.602775E-03,-841.755807E-03
Z:/abaqus_part_2/b_2d.odb,load,Increment      1: Step Time =   2.2200E-16,"PART-1-1",413,-89.8118820,14.9613905,0.,NA,NA,"",318.222523E-03,-830.169976E-03
Z:/abaqus_part_2/b_2d.odb,load,Increment      1: Step Time =   2.2200E-16,"PART-1-1",414,-27.6985016,26.0344944,0.,NA,NA,"",483.804077E-03,-1.81627893
Z:/abaqus_part_2/b_2d.odb,load,Increment      1: Step Time =   2.2200E-16,"PART-1-1",415,27.0054531,26.6155682,0.,NA,NA,"",496.017009E-03,-1.82445431
Z:/abaqus_part_2/b_2d.odb,load,Increment      1: Step Time =   2.2200E-16,"PART-1-1",416,-37.7772903,25.7526226,0.,NA,NA,"",485.613018E-03,-1.69062889
Z:/abaqus_part_2/b_2d.odb,load,Increment      1: Step Time =   2.2200E-16,"PART-1-1",417,37.1747818,25.3232803,0.,NA,NA,"",506.313682E-03,-1.69844139
Z:/abaqus_part_2/b_2d.odb,load,Increment      1: Step Time =   2.2200E-16,"PART-1-1",418,-56.7942886,13.7379522,0.,NA,NA,"",313.821793E-03,-1.40982568
Z:/abaqus_part_2/b_2d.odb,load,Increment      1: Step Time =   2.2200E-16,"PART-1-1",419,55.7528992,12.8219261,0.,NA,NA,"",685.093224E-03,-1.42597187
Z:/abaqus_part_2/b_2d.odb,load,Increment      1: Step Time =   2.2200E-16,"PART-1-1",420,-47.4740295,25.8808556,0.,NA,NA,"",492.225140E-03,-1.55515826
Z:/abaqus_part_2/b_2d.odb,load,Increment      1: Step Time =   2.2200E-16,"PART-1-1",421,48.3148308,24.8926964,0.,NA,NA,"",507.263422E-03,-1.54255354
Z:/abaqus_part_2/b_2d.odb,load,Increment      1: Step Time =   2.2200E-16,"PART-1-1",422,98.8706436,14.2020836,0.,NA,NA,"",684.171379E-03,-656.745553E-03
Z:/abaqus_part_2/b_2d.odb,load,Increment      1: Step Time =   2.2200E-16,"PART-1-1",423,-99.7157440,15.1025219,0.,NA,NA,"",318.457812E-03,-640.388131E-03
Z:/abaqus_part_2/b_2d.odb,load,Increment      1: Step Time =   2.2200E-16,"PART-1-1",424,59.0757675,25.8855572,0.,NA,NA,"",486.374408E-03,-1.37386334
Z:/abaqus_part_2/b_2d.odb,load,Increment      1: Step Time =   2.2200E-16,"PART-1-1",425,-58.1260033,24.6923580,0.,NA,NA,"",480.656296E-03,-1.38950348
Z:/abaqus_part_2/b_2d.odb,load,Increment      1: Step Time =   2.2200E-16,"PART-1-1",426,-47.3185692,13.4260445,0.,NA,NA,"",316.793054E-03,-1.55430889
Z:/abaqus_part_2/b_2d.odb,load,Increment      1: Step Time =   2.2200E-16,"PART-1-1",427,46.8096161,14.0255165,0.,NA,NA,"",660.331368E-03,-1.56184387
Z:/abaqus_part_2/b_2d.odb,load,Increment      1: Step Time =   2.2200E-16,"PART-1-1",428,-68.9115295,24.7323418,0.,NA,NA,"",486.697376E-03,-1.20891500
Z:/abaqus_part_2/b_2d.odb,load,Increment      1: Step Time =   2.2200E-16,"PART-1-1",429,69.1625748,26.2208920,0.,NA,NA,"",474.544913E-03,-1.20429504
Z:/abaqus_part_2/b_2d.odb,load,Increment      1: Step Time =   2.2200E-16,"PART-1-1",430,109.247345,15.2367306,0.,NA,NA,"",665.969610E-03,-453.149140E-03
Z:/abaqus_part_2/b_2d.odb,load,Increment      1: Step Time =   2.2200E-16,"PART-1-1",431,-109.669472,15.2199202,0.,NA,NA,"",319.674194E-03,-444.772959E-03
Z:/abaqus_part_2/b_2d.odb,load,Increment      1: Step Time =   2.2200E-16,"PART-1-1",432,79.1436920,26.3351021,0.,NA,NA,"",467.028856E-03,-1.02739644
Z:/abaqus_part_2/b_2d.odb,load,Increment      1: Step Time =   2.2200E-16,"PART-1-1",433,-79.3323135,24.9617996,0.,NA,NA,"",495.161027E-03,-1.02423203
Z:/abaqus_part_2/b_2d.odb,load,Increment      1: Step Time =   2.2200E-16,"PART-1-1",434,-89.4968567,25.2325211,0.,NA,NA,"",503.755510E-03,-835.830271E-03
Z:/abaqus_part_2/b_2d.odb,load,Increment      1: Step Time =   2.2200E-16,"PART-1-1",435,89.1198730,26.1798592,0.,NA,NA,"",465.216994E-03,-842.781305E-03
Z:/abaqus_part_2/b_2d.odb,load,Increment      1: Step Time =   2.2200E-16,"PART-1-1",436,-37.3814240,14.8537407,0.,NA,NA,"",344.611317E-03,-1.69192541
Z:/abaqus_part_2/b_2d.odb,load,Increment      1: Step Time =   2.2200E-16,"PART-1-1",437,36.3691597,14.6483011,0.,NA,NA,"",643.113017E-03,-1.70482945
Z:/abaqus_part_2/b_2d.odb,load,Increment      1: Step Time =   2.2200E-16,"PART-1-1",438,-99.4620438,25.3454361,0.,NA,NA,"",508.993626E-03,-644.751132E-03
Z:/abaqus_part_2/b_2d.odb,load,Increment      1: Step Time =   2.2200E-16,"PART-1-1",439,99.6195374,26.3470745,0.,NA,NA,"",458.271712E-03,-641.532302E-03
Z:/abaqus_part_2/b_2d.odb,load,Increment      1: Step Time =   2.2200E-16,"PART-1-1",440,-5.10801840,14.7915945,0.,NA,NA,"",387.762070E-03,-2.03526688
Z:/abaqus_part_2/b_2d.odb,load,Increment      1: Step Time =   2.2200E-16,"PART-1-1",441,109.291008,25.2741642,0.,NA,NA,"",475.744307E-03,-451.664805E-03
Z:/abaqus_part_2/b_2d.odb,load,Increment      1: Step Time =   2.2200E-16,"PART-1-1",442,-114.583313,20.2862568,0.,NA,NA,"",416.552722E-03,-346.538812E-03
Z:/abaqus_part_2/b_2d.odb,load,Increment      1: Step Time =   2.2200E-16,"PART-1-1",443,-26.5740395,15.0335360,0.,NA,NA,"",357.350707E-03,-1.82293594
Z:/abaqus_part_2/b_2d.odb,load,Increment      1: Step Time =   2.2200E-16,"PART-1-1",444,26.0993671,14.0357351,0.,NA,NA,"",640.182257E-03,-1.82738054
Z:/abaqus_part_2/b_2d.odb,load,Increment      1: Step Time =   2.2200E-16,"PART-1-1",445,10.7254248,14.5555658,0.,NA,NA,"",609.994709E-03,-1.98320270
Z:/abaqus_part_2/b_2d.odb,load,Increment      1: Step Time =   2.2200E-16,"PART-1-1",446,74.5159912,17.5209618,0.,NA,NA,"",618.887663E-03,-1.11109924
Z:/abaqus_part_2/b_2d.odb,load,Increment      1: Step Time =   2.2200E-16,"PART-1-1",447,84.1729279,17.6214428,0.,NA,NA,"",618.846357E-03,-935.793221E-03
Z:/abaqus_part_2/b_2d.odb,load,Increment      1: Step Time =   2.2200E-16,"PART-1-1",448,26.4837055,22.3782005,0.,NA,NA,"",543.289781E-03,-1.82892919
Z:/abaqus_part_2/b_2d.odb,load,Increment      1: Step Time =   2.2200E-16,"PART-1-1",449,-19.4588776,24.1332645,0.,NA,NA,"",464.421093E-03,-1.90798509
Z:/abaqus_part_2/b_2d.odb,load,Increment      1: Step Time =   2.2200E-16,"PART-1-1",450,-61.9223785,16.6284142,0.,NA,NA,"",355.874181E-03,-1.32713974
Z:/abaqus_part_2/b_2d.odb,load,Increment      1: Step Time =   2.2200E-16,"PART-1-1",451,60.0394630,17.2367058,0.,NA,NA,"",620.013535E-03,-1.35829878
Z:/abaqus_part_2/b_2d.odb,load,Increment      1: Step Time =   2.2200E-16,"PART-1-1",452,-74.3132935,19.6024647,0.,NA,NA,"",402.323604E-03,-1.11478126
Z:/abaqus_part_2/b_2d.odb,load,Increment      1: Step Time =   2.2200E-16,"PART-1-1",453,74.3221970,21.8989182,0.,NA,NA,"",544.825852E-03,-1.11451674
Z:/abaqus_part_2/b_2d.odb,load,Increment      1: Step Time =   2.2200E-16,"PART-1-1",454,26.1880054,18.2835159,0.,NA,NA,"",590.094626E-03,-1.82963073
Z:/abaqus_part_2/b_2d.odb,load,Increment      1: Step Time =   2.2200E-16,"PART-1-1",455,-84.6303635,19.9976940,0.,NA,NA,"",409.168154E-03,-927.365184E-03
Z:/abaqus_part_2/b_2d.odb,load,Increment      1: Step Time =   2.2200E-16,"PART-1-1",456,84.0781631,21.9653625,0.,NA,NA,"",542.031646E-03,-937.486231E-03
Z:/abaqus_part_2/b_2d.odb,load,Increment      1: Step Time =   2.2200E-16,"PART-1-1",457,96.5387268,21.9654465,0.,NA,NA,"",540.121198E-03,-701.650560E-03
Z:/abaqus_part_2/b_2d.odb,load,Increment      1: Step Time =   2.2200E-16,"PART-1-1",458,114.458641,20.1842422,0.,NA,NA,"",571.375132E-03,-349.017173E-03
Z:/abaqus_part_2/b_2d.odb,load,Increment      1: Step Time =   2.2200E-16,"PART-1-1",459,-104.529312,20.2696877,0.,NA,NA,"",415.122122E-03,-546.147108E-03
Z:/abaqus_part_2/b_2d.odb,load,Increment      1: Step Time =   2.2200E-16,"PART-1-1",460,-21.1558819,18.4534798,0.,NA,NA,"",402.959019E-03,-1.88501048
Z:/abaqus_part_2/b_2d.odb,load,Increment      1: Step Time =   2.2200E-16,"PART-1-1",461,-51.4327126,19.4348202,0.,NA,NA,"",400.784671E-03,-1.49501264
Z:/abaqus_part_2/b_2d.odb,load,Increment      1: Step Time =   2.2200E-16,"PART-1-1",462,54.4676743,21.0424576,0.,NA,NA,"",561.661124E-03,-1.44797194
Z:/abaqus_part_2/b_2d.odb,load,Increment      1: Step Time =   2.2200E-16,"PART-1-1",463,-42.5497513,22.9583435,0.,NA,NA,"",450.131595E-03,-1.62516212
Z:/abaqus_part_2/b_2d.odb,load,Increment      1: Step Time =   2.2200E-16,"PART-1-1",464,-70.0643234,13.8629198,0.,NA,NA,"",307.555258E-03,-1.18879211
Z:/abaqus_part_2/b_2d.odb,load,Increment      1: Step Time =   2.2200E-16,"PART-1-1",465,-65.7250671,13.0494747,0.,NA,NA,"",296.861976E-03,-1.26297045
Z:/abaqus_part_2/b_2d.odb,load,Increment      1: Step Time =   2.2200E-16,"PART-1-1",466,65.0936356,13.0103168,0.,NA,NA,"",689.290404E-03,-1.27363575
Z:/abaqus_part_2/b_2d.odb,load,Increment      1: Step Time =   2.2200E-16,"PART-1-1",467,-94.6140976,20.1809711,0.,NA,NA,"",412.776470E-03,-738.855839E-03
Z:/abaqus_part_2/b_2d.odb,load,Increment      1: Step Time =   2.2200E-16,"PART-1-1",468,51.7898865,16.3873138,0.,NA,NA,"",629.603088E-03,-1.48833990
Z:/abaqus_part_2/b_2d.odb,load,Increment      1: Step Time =   2.2200E-16,"PART-1-1",469,-32.3357277,20.3562317,0.,NA,NA,"",417.205155E-03,-1.75844860
Z:/abaqus_part_2/b_2d.odb,load,Increment      1: Step Time =   2.2200E-16,"PART-1-1",470,93.4717178,17.7429485,0.,NA,NA,"",617.828369E-03,-760.742784E-03
Z:/abaqus_part_2/b_2d.odb,load,Increment      1: Step Time =   2.2200E-16,"PART-1-1",471,42.2612457,19.7738686,0.,NA,NA,"",578.818977E-03,-1.62859607
Z:/abaqus_part_2/b_2d.odb,load,Increment      1: Step Time =   2.2200E-16,"PART-1-1",472,-43.7753258,18.1600876,0.,NA,NA,"",384.803116E-03,-1.60678566
Z:/abaqus_part_2/b_2d.odb,load,Increment      1: Step Time =   2.2200E-16,"PART-1-1",473,69.6571045,17.4610405,0.,NA,NA,"",618.878365E-03,-1.19635677
Z:/abaqus_part_2/b_2d.odb,load,Increment      1: Step Time =   2.2200E-16,"PART-1-1",474,64.4753036,21.7171993,0.,NA,NA,"",549.706519E-03,-1.28491116
Z:/abaqus_part_2/b_2d.odb,load,Increment      1: Step Time =   2.2200E-16,"PART-1-1",475,-63.6073189,20.6355648,0.,NA,NA,"",418.910414E-03,-1.29948127
Z:/abaqus_part_2/b_2d.odb,load,Increment      1: Step Time =   2.2200E-16,"PART-1-1",476,103.098618,20.4091911,0.,NA,NA,"",568.371117E-03,-574.267864E-03
Z:/abaqus_part_2/b_2d.odb,load,Increment      1: Step Time =   2.2200E-16,"PART-1-1",477,5.75848818,4.99695587,0.,NA,NA,"",727.695107E-03,-2.03487468
Z:/abaqus_part_2/b_2d.odb,load,Increment      1: Step Time =   2.2200E-16,"PART-1-1",478,5.50711060,14.8312893,0.,NA,NA,"",597.622454E-03,-2.03103328
Z:/abaqus_part_2/b_2d.odb,load,Increment      1: Step Time =   2.2200E-16,"PART-1-1",479,70.1381683,8.72246933,0.,NA,NA,"",764.066696E-03,-1.18609190
Z:/abaqus_part_2/b_2d.odb,load,Increment      1: Step Time =   2.2200E-16,"PART-1-1",480,11.3949537,23.4642487,0.,NA,NA,"",518.389761E-03,-1.98749888
Z:/abaqus_part_2/b_2d.odb,load,Increment      1: Step Time =   2.2200E-16,"PART-1-1",481,7.14255142,28.3562031,0.,NA,NA,"",486.298114E-03,-2.02611017
Z:/abaqus_part_2/b_2d.odb,load,Increment      1: Step Time =   2.2200E-16,"PART-1-1",482,-8.23197937,18.9504395,0.,NA,NA,"",433.639765E-03,-2.01037836
Z:/abaqus_part_2/b_2d.odb,load,Increment      1: Step Time =   2.2200E-16,"PART-1-1",483,4.45635891,32.7073975,0.,NA,NA,"",478.977859E-03,-2.03505850
Z:/abaqus_part_2/b_2d.odb,load,Increment      1: Step Time =   2.2200E-16,"PART-1-1",484,-15.2372227,26.6861553,0.,NA,NA,"",488.902509E-03,-1.95382667
Z:/abaqus_part_2/b_2d.odb,load,Increment      1: Step Time =   2.2200E-16,"PART-1-1",485,17.4176960,31.5649204,0.,NA,NA,"",456.844240E-03,-1.93215191
Z:/abaqus_part_2/b_2d.odb,load,Increment      1: Step Time =   2.2200E-16,"PART-1-1",486,-70.4438782,9.09731674,0.,NA,NA,"",227.871165E-03,-1.18091607
Z:/abaqus_part_2/b_2d.odb,load,Increment      1: Step Time =   2.2200E-16,"PART-1-1",487,-12.8669624,19.2715015,0.,NA,NA,"",425.516963E-03,-1.96843302
Z:/abaqus_part_2/b_2d.odb,load,Increment      1: Step Time =   2.2200E-16,"PART-1-1",488,-14.4327078,22.1271763,0.,NA,NA,"",450.730592E-03,-1.95716989
Z:/abaqus_part_2/b_2d.odb,load,Increment      1: Step Time =   2.2200E-16,"PART-1-1",489,16.1110477,18.7257805,0.,NA,NA,"",572.734773E-03,-1.93662083
Z:/abaqus_part_2/b_2d.odb,load,Increment      1: Step Time =   2.2200E-16,"PART-1-1",490,16.9771042,27.2900620,0.,NA,NA,"",492.365718E-03,-1.93614674
Z:/abaqus_part_2/b_2d.odb,load,Increment      1: Step Time =   2.2200E-16,"PART-1-1",491,-109.450363,25.3237572,0.,NA,NA,"",511.198342E-03,-448.516726E-03
Z:/abaqus_part_2/b_2d.odb,load,Increment      1: Step Time =   2.2200E-16,"PART-1-1",492,-16.5770531,23.6460629,0.,NA,NA,"",462.182105E-03,-1.93757987
Z:/abaqus_part_2/b_2d.odb,load,Increment      1: Step Time =   2.2200E-16,"PART-1-1",493,21.5215836,22.6991177,0.,NA,NA,"",537.613511E-03,-1.88469875
Z:/abaqus_part_2/b_2d.odb,load,Increment      1: Step Time =   2.2200E-16,"PART-1-1",494,69.9085999,13.0897541,0.,NA,NA,"",691.195667E-03,-1.19135118
Z:/abaqus_part_2/b_2d.odb,load,Increment      1: Step Time =   2.2200E-16,"PART-1-1",495,-22.4474773,23.4580135,0.,NA,NA,"",455.941737E-03,-1.87511873
Z:/abaqus_part_2/b_2d.odb,load,Increment      1: Step Time =   2.2200E-16,"PART-1-1",496,-17.0376492,21.1931133,0.,NA,NA,"",437.829822E-03,-1.93020952
Z:/abaqus_part_2/b_2d.odb,load,Increment      1: Step Time =   2.2200E-16,"PART-1-1",497,97.9438934,18.3501892,0.,NA,NA,"",606.943488E-03,-674.724281E-03
Z:/abaqus_part_2/b_2d.odb,load,Increment      1: Step Time =   2.2200E-16,"PART-1-1",498,79.3809204,17.5822449,0.,NA,NA,"",618.743300E-03,-1.02369928
Z:/abaqus_part_2/b_2d.odb,load,Increment      1: Step Time =   2.2200E-16,"PART-1-1",499,64.8129120,17.3741951,0.,NA,NA,"",619.154274E-03,-1.27913105
Z:/abaqus_part_2/b_2d.odb,load,Increment      1: Step Time =   2.2200E-16,"PART-1-1",500,-20.0176964,21.6391983,0.,NA,NA,"",438.873410E-03,-1.89993918
Z:/abaqus_part_2/b_2d.odb,load,Increment      1: Step Time =   2.2200E-16,"PART-1-1",501,-47.4234009,16.8480263,0.,NA,NA,"",364.979565E-03,-1.55378330
Z:/abaqus_part_2/b_2d.odb,load,Increment      1: Step Time =   2.2200E-16,"PART-1-1",502,93.2254257,21.5686874,0.,NA,NA,"",547.930717E-03,-765.296042E-03
Z:/abaqus_part_2/b_2d.odb,load,Increment      1: Step Time =   2.2200E-16,"PART-1-1",503,88.8262253,21.8922367,0.,NA,NA,"",542.635143E-03,-848.787189E-03
Z:/abaqus_part_2/b_2d.odb,load,Increment      1: Step Time =   2.2200E-16,"PART-1-1",504,-65.1536102,16.6935501,0.,NA,NA,"",355.777711E-03,-1.27320015
Z:/abaqus_part_2/b_2d.odb,load,Increment      1: Step Time =   2.2200E-16,"PART-1-1",505,55.4843063,16.9905586,0.,NA,NA,"",622.220516E-03,-1.43133831
Z:/abaqus_part_2/b_2d.odb,load,Increment      1: Step Time =   2.2200E-16,"PART-1-1",506,31.3249512,21.9363403,0.,NA,NA,"",549.360394E-03,-1.77122808
Z:/abaqus_part_2/b_2d.odb,load,Increment      1: Step Time =   2.2200E-16,"PART-1-1",507,-63.5821533,18.1631222,0.,NA,NA,"",379.657805E-03,-1.29964697
